-- MySQL dump 10.17  Distrib 10.3.15-MariaDB, for Win64 (AMD64)
--
-- Host: localhost    Database: progresso
-- ------------------------------------------------------
-- Server version	10.3.15-MariaDB

/*!40101 SET @OLD_CHARACTER_SET_CLIENT=@@CHARACTER_SET_CLIENT */;
/*!40101 SET @OLD_CHARACTER_SET_RESULTS=@@CHARACTER_SET_RESULTS */;
/*!40101 SET @OLD_COLLATION_CONNECTION=@@COLLATION_CONNECTION */;
/*!40101 SET NAMES utf8mb4 */;
/*!40103 SET @OLD_TIME_ZONE=@@TIME_ZONE */;
/*!40103 SET TIME_ZONE='+00:00' */;
/*!40014 SET @OLD_UNIQUE_CHECKS=@@UNIQUE_CHECKS, UNIQUE_CHECKS=0 */;
/*!40014 SET @OLD_FOREIGN_KEY_CHECKS=@@FOREIGN_KEY_CHECKS, FOREIGN_KEY_CHECKS=0 */;
/*!40101 SET @OLD_SQL_MODE=@@SQL_MODE, SQL_MODE='NO_AUTO_VALUE_ON_ZERO' */;
/*!40111 SET @OLD_SQL_NOTES=@@SQL_NOTES, SQL_NOTES=0 */;

--
-- Table structure for table `aluno`
--

DROP TABLE IF EXISTS `aluno`;
/*!40101 SET @saved_cs_client     = @@character_set_client */;
/*!40101 SET character_set_client = utf8 */;
CREATE TABLE `aluno` (
  `id` int(11) NOT NULL,
  `ra` int(11) NOT NULL,
  `pNome` varchar(45) NOT NULL,
  `sNome` varchar(45) NOT NULL,
  `email` varchar(45) DEFAULT NULL,
  `telefone` varchar(15) DEFAULT NULL,
  `mobile` varchar(15) DEFAULT NULL,
  `data_entrada` date DEFAULT NULL,
  PRIMARY KEY (`id`)
) ENGINE=InnoDB DEFAULT CHARSET=latin1;
/*!40101 SET character_set_client = @saved_cs_client */;

--
-- Dumping data for table `aluno`
--

LOCK TABLES `aluno` WRITE;
/*!40000 ALTER TABLE `aluno` DISABLE KEYS */;
INSERT INTO `aluno` VALUES (1,20583564,'AARON','LITTLETON ','SEM@EMAIL.COM','0','0','0000-00-00'),(2,20788083,'ABEL','URSINHO PUFF','SEM@EMAIL.COM','0','0','0000-00-00'),(3,20404332,'ABRAHAM','SIMPSON','SEM@EMAIL.COM','0','0','0000-00-00'),(4,20755671,'ALASTOR','MOODY ','SEM@EMAIL.COM','0','0','0000-00-00'),(5,20582645,'ALEC','BALDWIN','SEM@EMAIL.COM','0','0','0000-00-00'),(6,20885720,'ALFINHO','SEM NOME','SEM@EMAIL.COM','0','0','0000-00-00'),(7,20694781,'ALLISON','TAYLOR THE SIMPSONS','SEM@EMAIL.COM','0','0','0000-00-00'),(8,20351520,'ALVAR','HANSO ','SEM@EMAIL.COM','0','0','0000-00-00'),(9,20690198,'ALVO','PERCIVAL WULFRIC BRIAN DUMBLEDORE ','SEM@EMAIL.COM','0','0','0000-00-00'),(10,20477418,'AMOS','DIGGORY','SEM@EMAIL.COM','0','0','0000-00-00'),(11,20645029,'ANA','ABBOTT','SEM@EMAIL.COM','0','0','0000-00-00'),(12,20351836,'ANDY','PANDA','SEM@EMAIL.COM','0','0','0000-00-00'),(13,20283054,'ANGELINA','JOLIE','SEM@EMAIL.COM','0','0','0000-00-00'),(14,20589132,'ANTHONY','COOPER ','SEM@EMAIL.COM','0','0','0000-00-00'),(15,20657496,'ANTHONY','GOLDSTEIN ','SEM@EMAIL.COM','0','0','0000-00-00'),(16,20306338,'ANTONIN','DOLOHOV','SEM@EMAIL.COM','0','0','0000-00-00'),(17,20555078,'APOLLINE','DELACOUR','SEM@EMAIL.COM','0','0','0000-00-00'),(18,20871714,'APPLE','WHITE','SEM@EMAIL.COM','0','0','0000-00-00'),(19,20485676,'APU','NAHASAPEEMAPETILON','SEM@EMAIL.COM','0','0','0000-00-00'),(20,20352167,'ARABELLA','DORA FIGG ','SEM@EMAIL.COM','0','0','0000-00-00'),(21,20593506,'ARETHA','FRANKLIN','SEM@EMAIL.COM','0','0','0000-00-00'),(22,20675463,'ARGO','FILCH ','SEM@EMAIL.COM','0','0','0000-00-00'),(23,20872960,'ARIEL','SEM NOME','SEM@EMAIL.COM','0','0','0000-00-00'),(24,20325777,'ARMANDO','DIPPET ','SEM@EMAIL.COM','0','0','0000-00-00'),(25,20622954,'ARTHUR','WEASLEY ','SEM@EMAIL.COM','0','0','0000-00-00'),(26,20740821,'ARYA','STARK','SEM@EMAIL.COM','0','0','0000-00-00'),(27,20761390,'ASHLYNN','ELLA','SEM@EMAIL.COM','0','0','0000-00-00'),(28,20760846,'ASTORIA','GREENGRASS ','SEM@EMAIL.COM','0','0','0000-00-00'),(29,20752971,'AUGUSTUS','ROOKWOOD ','SEM@EMAIL.COM','0','0','0000-00-00'),(30,20744029,'AVERY','LESTRANGE ','SEM@EMAIL.COM','0','0','0000-00-00'),(31,20826888,'BABAR','SEM NOME','SEM@EMAIL.COM','0','0','0000-00-00'),(32,20575540,'BAMBI','SEM NOME','SEM@EMAIL.COM','0','0','0000-00-00'),(33,20866183,'BARAO','SANGRENTO ','SEM@EMAIL.COM','0','0','0000-00-00'),(34,20379782,'BARATA','RODOX','SEM@EMAIL.COM','0','0','0000-00-00'),(35,20726379,'BARNEY','RUBBLE','SEM@EMAIL.COM','0','0','0000-00-00'),(36,20551765,'BARRA','INANIMADA DE CARVAO','SEM@EMAIL.COM','0','0','0000-00-00'),(37,20912838,'BARTOLOMEU','CROUCH ','SEM@EMAIL.COM','0','0','0000-00-00'),(38,20730276,'BARTOLOMEU','CROUCH JR. ','SEM@EMAIL.COM','0','0','0000-00-00'),(39,20648159,'BATMAN','SEM NOME','SEM@EMAIL.COM','0','0','0000-00-00'),(40,20720524,'BELA','SEM NOME','SEM@EMAIL.COM','0','0','0000-00-00'),(41,20741366,'BELLATRIX','LESTRANGE ','SEM@EMAIL.COM','0','0','0000-00-00'),(42,20905364,'BERIC','DONDARRION','SEM@EMAIL.COM','0','0','0000-00-00'),(43,20903436,'BERNICE','HIBBERT','SEM@EMAIL.COM','0','0','0000-00-00'),(44,20402952,'BERTHA','JORKINS ','SEM@EMAIL.COM','0','0','0000-00-00'),(45,20412899,'BETTY','BOOP','SEM@EMAIL.COM','0','0','0000-00-00'),(46,20728188,'BICO','DE ACO','SEM@EMAIL.COM','0','0','0000-00-00'),(47,20371677,'BLASIO','ZABINI ','SEM@EMAIL.COM','0','0','0000-00-00'),(48,20436987,'BLONDIE','LOCKES','SEM@EMAIL.COM','0','0','0000-00-00'),(49,20551442,'BOB','DYLAN','SEM@EMAIL.COM','0','0','0000-00-00'),(50,20553630,'BOBBY','BLUE BLAND','SEM@EMAIL.COM','0','0','0000-00-00'),(51,20906283,'BOLA','DE NEVE OS SIMPSONS','SEM@EMAIL.COM','0','0','0000-00-00'),(52,20916368,'BOLOTA','URSINHO PUFF','SEM@EMAIL.COM','0','0','0000-00-00'),(53,20766352,'BON','JOVI','SEM@EMAIL.COM','0','0','0000-00-00'),(54,20752309,'BONNIE','RAITT','SEM@EMAIL.COM','0','0','0000-00-00'),(55,20856037,'BONO','SEM NOME','SEM@EMAIL.COM','0','0','0000-00-00'),(56,20761070,'BOWEN','MARSH','SEM@EMAIL.COM','0','0','0000-00-00'),(57,20752331,'BRAN','STARK','SEM@EMAIL.COM','0','0','0000-00-00'),(58,20675223,'BRIAN','GRIFFIN','SEM@EMAIL.COM','0','0','0000-00-00'),(59,20699796,'BRIAN','WILSON','SEM@EMAIL.COM','0','0','0000-00-00'),(60,20647136,'BRIAR','BEAUTY','SEM@EMAIL.COM','0','0','0000-00-00'),(61,20714785,'BROTHER','BEAR','SEM@EMAIL.COM','0','0','0000-00-00'),(62,20872814,'BRUTUS','POPEYE','SEM@EMAIL.COM','0','0','0000-00-00'),(63,20333467,'BUGS','BUNNY','SEM@EMAIL.COM','0','0','0000-00-00'),(64,5192008,'BUMBLEBEE','MAN','SEM@EMAIL.COM','0','0','0000-00-00'),(65,20868392,'BUNNY','BLANC','SEM@EMAIL.COM','0','0','0000-00-00'),(66,20569500,'CALVIN','HARRIS','SEM@EMAIL.COM','0','0','0000-00-00'),(67,20679850,'CAPITAO','FEIO','SEM@EMAIL.COM','0','0','0000-00-00'),(68,20753127,'CAPITAO','HORATIO MCCALLISTER','SEM@EMAIL.COM','0','0','0000-00-00'),(69,20415592,'CAPITAO','PICOLE','SEM@EMAIL.COM','0','0','0000-00-00'),(70,20897970,'CARIDADE','BURBAGE ','SEM@EMAIL.COM','0','0','0000-00-00'),(71,20874170,'CARL','CARLSON','SEM@EMAIL.COM','0','0','0000-00-00'),(72,20891341,'CARRIE','UNDERWOOD','SEM@EMAIL.COM','0','0','0000-00-00'),(73,20718683,'CASSIDY','PHILLIPS ','SEM@EMAIL.COM','0','0','0000-00-00'),(74,20524202,'CATELYN','STARK','SEM@EMAIL.COM','0','0','0000-00-00'),(75,20913003,'CEBOLINHA','PERSONAGEM','SEM@EMAIL.COM','0','0','0000-00-00'),(76,20749930,'CERISE','HOOD','SEM@EMAIL.COM','0','0','0000-00-00'),(77,20717068,'CERSEI','LANNISTER','SEM@EMAIL.COM','0','0','0000-00-00'),(78,20072426,'CHARLIE','SHEEN','SEM@EMAIL.COM','0','0','0000-00-00'),(79,20667684,'CHARLIZE','THERON','SEM@EMAIL.COM','0','0','0000-00-00'),(80,20560403,'CHARLOTTE\'S WEB (1973)','SEM NOME','SEM@EMAIL.COM','0','0','0000-00-00'),(81,20617664,'CHARLUS','E DOREA POTTER ','SEM@EMAIL.COM','0','0','0000-00-00'),(82,20615248,'CHEBURASHKA','SEM NOME','SEM@EMAIL.COM','0','0','0000-00-00'),(83,20754672,'CHIQUINHO','GAVIAO','SEM@EMAIL.COM','0','0','0000-00-00'),(84,20850474,'CHRISTINA','AGUILERA','SEM@EMAIL.COM','0','0','0000-00-00'),(85,20600208,'CHRISTOPHER','NOLAN','SEM@EMAIL.COM','0','0','0000-00-00'),(86,20612310,'CINDERELA','SEM NOME','SEM@EMAIL.COM','0','0','0000-00-00'),(87,20149400,'CLETUS','SPUCKLER','SEM@EMAIL.COM','0','0','0000-00-00'),(88,20417059,'COLDPLAY','SEM NOME','SEM@EMAIL.COM','0','0','0000-00-00'),(89,20758621,'COLIN','CREEVEY ','SEM@EMAIL.COM','0','0','0000-00-00'),(90,20564624,'COOKIE','KWAN','SEM@EMAIL.COM','0','0','0000-00-00'),(91,20721444,'CORUJAO','URSINHO PUFF','SEM@EMAIL.COM','0','0','0000-00-00'),(92,20746753,'CRAZY','CAT LADY','SEM@EMAIL.COM','0','0','0000-00-00'),(93,20584185,'CURTIS','MAYFIELD','SEM@EMAIL.COM','0','0','0000-00-00'),(94,20758902,'CYRUS','SIMPSON','SEM@EMAIL.COM','0','0','0000-00-00'),(95,20551113,'DAENERYS','TARGARYEN','SEM@EMAIL.COM','0','0','0000-00-00'),(96,20885229,'DAFFY','DUCK','SEM@EMAIL.COM','0','0','0000-00-00'),(97,20551365,'DARLENE','LOVE','SEM@EMAIL.COM','0','0','0000-00-00'),(98,20593513,'DAVID','BECKHAM','SEM@EMAIL.COM','0','0','0000-00-00'),(99,20912563,'DAVID','GUETTA','SEM@EMAIL.COM','0','0','0000-00-00'),(100,20404293,'DAVID','LETTERMAN','SEM@EMAIL.COM','0','0','0000-00-00'),(101,20574064,'DAVID','RUFFIN','SEM@EMAIL.COM','0','0','0000-00-00'),(102,20108187,'DEAN','THOMAS DINO THOMAS NO ','SEM@EMAIL.COM','0','0','0000-00-00'),(103,20738117,'DEMELZA','ROBINS ','SEM@EMAIL.COM','0','0','0000-00-00'),(104,20754936,'DILYS','DERWENT ','SEM@EMAIL.COM','0','0','0000-00-00'),(105,20875703,'DINO','DANONINHO','SEM@EMAIL.COM','0','0','0000-00-00'),(106,20902917,'DOLLY','PARTON','SEM@EMAIL.COM','0','0','0000-00-00'),(107,20731964,'DOLORES','JANE UMBRIDGE ','SEM@EMAIL.COM','0','0','0000-00-00'),(108,20532195,'DOLPH','OS SIMPSONS','SEM@EMAIL.COM','0','0','0000-00-00'),(109,20779660,'DONALD','TRUMP','SEM@EMAIL.COM','0','0','0000-00-00'),(110,20517534,'DONNY','HATHAWAY','SEM@EMAIL.COM','0','0','0000-00-00'),(111,20643477,'DR','DRE','SEM@EMAIL.COM','0','0','0000-00-00'),(112,20867554,'DR. NICK RIVIERA','SEM NOME','SEM@EMAIL.COM','0','0','0000-00-00'),(113,20677729,'DRACO','LUCIO MALFOY ','SEM@EMAIL.COM','0','0','0000-00-00'),(114,20910414,'DROOPY','SEM NOME','SEM@EMAIL.COM','0','0','0000-00-00'),(115,20767223,'DUCK','DODGERS','SEM@EMAIL.COM','0','0','0000-00-00'),(116,20311644,'EDDARD','STARK','SEM@EMAIL.COM','0','0','0000-00-00'),(117,20763799,'EDWARD','MARS ','SEM@EMAIL.COM','0','0','0000-00-00'),(118,20848121,'ELTON','JOHN','SEM@EMAIL.COM','0','0','0000-00-00'),(119,20545413,'ELVIS','PRESLEY','SEM@EMAIL.COM','0','0','0000-00-00'),(120,20750429,'EMILIA','PERSONAGEM','SEM@EMAIL.COM','0','0','0000-00-00'),(121,20699695,'ESPETO','MANDA-CHUVA','SEM@EMAIL.COM','0','0','0000-00-00'),(122,20662992,'FA','MULAN','SEM@EMAIL.COM','0','0','0000-00-00'),(123,20682104,'FLOYD','MAYWEATHER','SEM@EMAIL.COM','0','0','0000-00-00'),(124,20887408,'FOGHORN','LEGHORN','SEM@EMAIL.COM','0','0','0000-00-00'),(125,20441043,'FRANKIE','STEIN','SEM@EMAIL.COM','0','0','0000-00-00'),(126,20853967,'FRED','FLINTSTONE','SEM@EMAIL.COM','0','0','0000-00-00'),(127,20640530,'GALATEIA','MERRYTHOUGHT ','SEM@EMAIL.COM','0','0','0000-00-00'),(128,20056604,'GEAR','SEM NOME','SEM@EMAIL.COM','0','0','0000-00-00'),(129,20900250,'GENIO','MANDA-CHUVA','SEM@EMAIL.COM','0','0','0000-00-00'),(130,20898284,'GEORGE','JONES','SEM@EMAIL.COM','0','0','0000-00-00'),(131,20746724,'GEORGE','LOPEZ','SEM@EMAIL.COM','0','0','0000-00-00'),(132,20359448,'GINORMICA','SEM NOME','SEM@EMAIL.COM','0','0','0000-00-00'),(133,20913405,'GLADYS','KNIGHT','SEM@EMAIL.COM','0','0','0000-00-00'),(134,20687136,'GORPO','SEM NOME','SEM@EMAIL.COM','0','0','0000-00-00'),(135,20887766,'GOSALYN','MALLARD','SEM@EMAIL.COM','0','0','0000-00-00'),(136,20471100,'GOSSAMER','SEM NOME','SEM@EMAIL.COM','0','0','0000-00-00'),(137,20646005,'GUGU','PERSONAGEM','SEM@EMAIL.COM','0','0','0000-00-00'),(138,20642232,'GWYNETH','PALTROW','SEM@EMAIL.COM','0','0','0000-00-00'),(139,20257451,'HADJI','SEM NOME','SEM@EMAIL.COM','0','0','0000-00-00'),(140,20331497,'HAY','LIN','SEM@EMAIL.COM','0','0','0000-00-00'),(141,20668141,'HECKLE','AND JECKLE','SEM@EMAIL.COM','0','0','0000-00-00'),(142,20805744,'HE-MAN','SEM NOME','SEM@EMAIL.COM','0','0','0000-00-00'),(143,20846635,'HOMEM','RADIOATIVO OS SIMPSONS','SEM@EMAIL.COM','0','0','0000-00-00'),(144,20862272,'HOMEM-BISCOITO (SHREK)','SEM NOME','SEM@EMAIL.COM','0','0','0000-00-00'),(145,20661123,'HORACE','GOODSPEED ','SEM@EMAIL.COM','0','0','0000-00-00'),(146,20644984,'HOWARD','STERN','SEM@EMAIL.COM','0','0','0000-00-00'),(147,20873833,'HOWLIN\' WOLF','SEM NOME','SEM@EMAIL.COM','0','0','0000-00-00'),(148,20562797,'HUGH','JACKMAN','SEM@EMAIL.COM','0','0','0000-00-00'),(149,20445921,'IGGY','POP','SEM@EMAIL.COM','0','0','0000-00-00'),(150,20853375,'INSPETOR','WILLOUGHBY','SEM@EMAIL.COM','0','0','0000-00-00'),(151,20904534,'J','K ROWLING','SEM@EMAIL.COM','0','0','0000-00-00'),(152,20570081,'JAE','LEE ','SEM@EMAIL.COM','0','0','0000-00-00'),(153,20591262,'JAIME','LANNISTER','SEM@EMAIL.COM','0','0','0000-00-00'),(154,20891101,'JAMES','BROWN','SEM@EMAIL.COM','0','0','0000-00-00'),(155,20866611,'JAMES','PATTERSON','SEM@EMAIL.COM','0','0','0000-00-00'),(156,20237026,'JAMES','TAYLOR','SEM@EMAIL.COM','0','0','0000-00-00'),(157,20214571,'JANEY','HAGSTROM','SEM@EMAIL.COM','0','0','0000-00-00'),(158,20774371,'JANIS','JOPLIN','SEM@EMAIL.COM','0','0','0000-00-00'),(159,20774552,'JASMINE','PERSONAGEM','SEM@EMAIL.COM','0','0','0000-00-00'),(160,20854186,'JEFF','BUCKLEY','SEM@EMAIL.COM','0','0','0000-00-00'),(161,20804786,'JENNIFER','LAWRENCE','SEM@EMAIL.COM','0','0','0000-00-00'),(162,20558107,'JENNIFER','LOPEZ','SEM@EMAIL.COM','0','0','0000-00-00'),(163,20745989,'JEONG','JEONG','SEM@EMAIL.COM','0','0','0000-00-00'),(164,20761959,'JEOR','MORMONT','SEM@EMAIL.COM','0','0','0000-00-00'),(165,20274693,'JERRY','BRUCKHEIMER','SEM@EMAIL.COM','0','0','0000-00-00'),(166,20911135,'JERRY','LEE LEWIS','SEM@EMAIL.COM','0','0','0000-00-00'),(167,20327011,'JIMMY','NEUTRON PERSONAGEM','SEM@EMAIL.COM','0','0','0000-00-00'),(168,20883826,'JOE','QUIMBY','SEM@EMAIL.COM','0','0','0000-00-00'),(169,20560834,'JOFFREY','BARATHEON','SEM@EMAIL.COM','0','0','0000-00-00'),(170,20331582,'JOHAN','E PEEWIT','SEM@EMAIL.COM','0','0','0000-00-00'),(171,20843988,'JOHN','FOGERTY','SEM@EMAIL.COM','0','0','0000-00-00'),(172,20571016,'JOHN','LEE HOOKER','SEM@EMAIL.COM','0','0','0000-00-00'),(173,20791169,'JOHN','LENNON','SEM@EMAIL.COM','0','0','0000-00-00'),(174,20855609,'JOHNNY','TEST PERSONAGEM','SEM@EMAIL.COM','0','0','0000-00-00'),(175,20759983,'JON','STEWART','SEM@EMAIL.COM','0','0','0000-00-00'),(176,20678183,'JONI','MITCHELL','SEM@EMAIL.COM','0','0','0000-00-00'),(177,20522644,'JORAH','MORMONT','SEM@EMAIL.COM','0','0','0000-00-00'),(178,9113387,'JOSS','WHEDON','SEM@EMAIL.COM','0','0','0000-00-00'),(179,20642054,'JUSTINE','DANCER','SEM@EMAIL.COM','0','0','0000-00-00'),(180,20761310,'KAREN','DEGROOT ','SEM@EMAIL.COM','0','0','0000-00-00'),(181,20887663,'KATY','PERRY','SEM@EMAIL.COM','0','0','0000-00-00'),(182,20867904,'KELVIN','JOE INMAN','SEM@EMAIL.COM','0','0','0000-00-00'),(183,20639422,'KEN','BONECO','SEM@EMAIL.COM','0','0','0000-00-00'),(184,20852566,'KENNY','CHESNEY','SEM@EMAIL.COM','0','0','0000-00-00'),(185,20056222,'KEVIN','HART','SEM@EMAIL.COM','0','0','0000-00-00'),(186,20096779,'KIM','KARDASHIAN','SEM@EMAIL.COM','0','0','0000-00-00'),(187,20731361,'KING','K. ROOL','SEM@EMAIL.COM','0','0','0000-00-00'),(188,20886343,'KNOTHEAD','& SPLINTER','SEM@EMAIL.COM','0','0','0000-00-00'),(189,20787294,'KURT','COBAIN','SEM@EMAIL.COM','0','0','0000-00-00'),(190,20680814,'LEBRON','JAMES','SEM@EMAIL.COM','0','0','0000-00-00'),(191,20903101,'LESLIE','ARZT ','SEM@EMAIL.COM','0','0','0000-00-00'),(192,20885877,'LEVON','HELM','SEM@EMAIL.COM','0','0','0000-00-00'),(193,20193712,'LIONEL','MESSI','SEM@EMAIL.COM','0','0','0000-00-00'),(194,20771354,'LOBO','MAU','SEM@EMAIL.COM','0','0','0000-00-00'),(195,20903774,'LOMMY','MAOS VERDES','SEM@EMAIL.COM','0','0','0000-00-00'),(196,9110035,'LUCIO','MALFOY ','SEM@EMAIL.COM','0','0','0000-00-00'),(197,10124782,'LUIGI','PERSONAGEM','SEM@EMAIL.COM','0','0','0000-00-00'),(198,20700650,'LUPINA','SEM NOME','SEM@EMAIL.COM','0','0','0000-00-00'),(199,20290857,'MADBALLS','SEM NOME','SEM@EMAIL.COM','0','0','0000-00-00'),(200,20477824,'MADELINE','HATTER','SEM@EMAIL.COM','0','0','0000-00-00'),(201,20652260,'MADONNA','SEM NOME','SEM@EMAIL.COM','0','0','0000-00-00'),(202,20474891,'MAGALI','SEM NOME','SEM@EMAIL.COM','0','0','0000-00-00'),(203,20652060,'MAGGIE','SIMPSON','SEM@EMAIL.COM','0','0','0000-00-00'),(204,20668412,'MAI','AVATAR: THE LAST AIRBENDER','SEM@EMAIL.COM','0','0','0000-00-00'),(205,20574016,'MALIBU','STACY OS SIMPSONS','SEM@EMAIL.COM','0','0','0000-00-00'),(206,20885672,'MANNY','PACQUIAO','SEM@EMAIL.COM','0','0','0000-00-00'),(207,20898756,'MARC','ANTONY AND PUSSYFOOT','SEM@EMAIL.COM','0','0','0000-00-00'),(208,20846063,'MARGE','SIMPSON','SEM@EMAIL.COM','0','0','0000-00-00'),(209,20635086,'MARIA','SHARAPOVA','SEM@EMAIL.COM','0','0','0000-00-00'),(210,20876142,'MARIAH','CAREY','SEM@EMAIL.COM','0','0','0000-00-00'),(211,20696992,'MARIO','PERSONAGEM','SEM@EMAIL.COM','0','0','0000-00-00'),(212,20555454,'MARK','BURNETT THE BIBLE','SEM@EMAIL.COM','0','0','0000-00-00'),(213,20894742,'MARSUPILAMUS','FANTASII','SEM@EMAIL.COM','0','0','0000-00-00'),(214,20751761,'MARVIN','GAYE','SEM@EMAIL.COM','0','0','0000-00-00'),(215,20755767,'MARVIN',' O MARCIANO','SEM@EMAIL.COM','0','0','0000-00-00'),(216,20774545,'MATTHEW','ABADDON ','SEM@EMAIL.COM','0','0','0000-00-00'),(217,20655654,'MAVIS','STAPLES','SEM@EMAIL.COM','0','0','0000-00-00'),(218,20856178,'MEANY','RANHETA','SEM@EMAIL.COM','0','0','0000-00-00'),(219,20201093,'MEENA','SEM NOME','SEM@EMAIL.COM','0','0','0000-00-00'),(220,20876707,'MEGA','MAN ','SEM@EMAIL.COM','0','0','0000-00-00'),(221,20765240,'MEGARA','SEM NOME','SEM@EMAIL.COM','0','0','0000-00-00'),(222,20665197,'MEISTRE','AEMON','SEM@EMAIL.COM','0','0','0000-00-00'),(223,20257443,'MENTOR','MASTERS OF THE UNIVERSE','SEM@EMAIL.COM','0','0','0000-00-00'),(224,20827834,'MICHAEL','BAY','SEM@EMAIL.COM','0','0','0000-00-00'),(225,20712853,'MICHAEL','DAMICO','SEM@EMAIL.COM','0','0','0000-00-00'),(226,20470095,'MITHU','SEM NOME','SEM@EMAIL.COM','0','0','0000-00-00'),(227,20869608,'MIYAMOTO','USAGI','SEM@EMAIL.COM','0','0','0000-00-00'),(228,20909372,'MONICA','SEM NOME','SEM@EMAIL.COM','0','0','0000-00-00'),(229,20857069,'MONSIEUR','DELACOUR ','SEM@EMAIL.COM','0','0','0000-00-00'),(230,20772953,'MONTGOMERY','BURNS','SEM@EMAIL.COM','0','0','0000-00-00'),(231,20514382,'MORRISSEY','SEM NOME','SEM@EMAIL.COM','0','0','0000-00-00'),(232,20912763,'MULHER','GORDA ','SEM@EMAIL.COM','0','0','0000-00-00'),(233,20902720,'MUTTLEY','SEM NOME','SEM@EMAIL.COM','0','0','0000-00-00'),(234,20903998,'NADIA','SEM NOME','SEM@EMAIL.COM','0','0','0000-00-00'),(235,20723625,'NATALIA','MCDONALD ','SEM@EMAIL.COM','0','0','0000-00-00'),(236,20871626,'NEIL','PATRICK HARRIS','SEM@EMAIL.COM','0','0','0000-00-00'),(237,20565270,'OFFICER','DIBBLE','SEM@EMAIL.COM','0','0','0000-00-00'),(238,20230718,'OGG','SEM NOME','SEM@EMAIL.COM','0','0','0000-00-00'),(239,20866893,'OLIMPIA','MAXIME ','SEM@EMAIL.COM','0','0','0000-00-00'),(240,20747841,'OLIVIA','PALITO','SEM@EMAIL.COM','0','0','0000-00-00'),(241,20733091,'OPRAH','WINFREY','SEM@EMAIL.COM','0','0','0000-00-00'),(242,20717393,'OSWALD','THE LUCKY RABBIT','SEM@EMAIL.COM','0','0','0000-00-00'),(243,20324578,'OTIS','REDDING','SEM@EMAIL.COM','0','0','0000-00-00'),(244,20546658,'OTTO','ROCKET','SEM@EMAIL.COM','0','0','0000-00-00'),(245,20538617,'OZZIE','SEM NOME','SEM@EMAIL.COM','0','0','0000-00-00'),(246,20608551,'PAC-MAN ','SEM NOME','SEM@EMAIL.COM','0','0','0000-00-00'),(247,20203141,'PAPAI','SMURF','SEM@EMAIL.COM','0','0','0000-00-00'),(248,20845287,'PATO','DONALD','SEM@EMAIL.COM','0','0','0000-00-00'),(249,20314392,'PATTI','LABELLE','SEM@EMAIL.COM','0','0','0000-00-00'),(250,20853812,'PATTI','SMITH','SEM@EMAIL.COM','0','0','0000-00-00'),(251,20618148,'PAUL','RODGERS','SEM@EMAIL.COM','0','0','0000-00-00'),(252,20890491,'PEDRITA','FLINTSTONE','SEM@EMAIL.COM','0','0','0000-00-00'),(253,20906228,'PENELOPE','PITSTOP','SEM@EMAIL.COM','0','0','0000-00-00'),(254,20328073,'PENNY','INSPETOR BUGIGANGA','SEM@EMAIL.COM','0','0','0000-00-00'),(255,20758760,'PEPPER','ANN','SEM@EMAIL.COM','0','0','0000-00-00'),(256,20224226,'PETER','JACKSON','SEM@EMAIL.COM','0','0','0000-00-00'),(257,20467662,'PETER','POTAMUS','SEM@EMAIL.COM','0','0','0000-00-00'),(258,20629811,'PETUNIA','PIG','SEM@EMAIL.COM','0','0','0000-00-00'),(259,20442184,'PINK','PANTHER','SEM@EMAIL.COM','0','0','0000-00-00'),(260,20554047,'PIPEYE','PUPEYE  POOPEYE E PEEPEYE','SEM@EMAIL.COM','0','0','0000-00-00'),(261,20500007,'PLUCKY','DUCK','SEM@EMAIL.COM','0','0','0000-00-00'),(262,20440787,'POCAHONTAS','SEM NOME','SEM@EMAIL.COM','0','0','0000-00-00'),(263,20653995,'POPEYE','SEM NOME','SEM@EMAIL.COM','0','0','0000-00-00'),(264,20653610,'PORPENTINA','SCAMANDER ','SEM@EMAIL.COM','0','0','0000-00-00'),(265,20454163,'PURO','OSSO','SEM@EMAIL.COM','0','0','0000-00-00'),(266,20723369,'RACHAEL','RAY','SEM@EMAIL.COM','0','0','0000-00-00'),(267,20869859,'RAY','RAY LEE','SEM@EMAIL.COM','0','0','0000-00-00'),(268,20667541,'RAY','ROMANO','SEM@EMAIL.COM','0','0','0000-00-00'),(269,20604501,'REGULUS','BLACK ','SEM@EMAIL.COM','0','0','0000-00-00'),(270,20684091,'REPTIL','MARVEL COMICS','SEM@EMAIL.COM','0','0','0000-00-00'),(271,20370923,'RICOCHET','RABBIT & DROOP-A-LONG','SEM@EMAIL.COM','0','0','0000-00-00'),(272,20756218,'RIHANNA','SEM NOME','SEM@EMAIL.COM','0','0','0000-00-00'),(273,20311674,'RIMA','SEM NOME','SEM@EMAIL.COM','0','0','0000-00-00'),(274,20548782,'ROBB','STARK','SEM@EMAIL.COM','0','0','0000-00-00'),(275,20876993,'ROBERT','BARATHEON','SEM@EMAIL.COM','0','0','0000-00-00'),(276,20883036,'ROBERT','DOWNEY JR','SEM@EMAIL.COM','0','0','0000-00-00'),(277,20680332,'RODRIK','CASSEL','SEM@EMAIL.COM','0','0','0000-00-00'),(278,20373356,'ROGER','RACE BANNON','SEM@EMAIL.COM','0','0','0000-00-00'),(279,20621695,'ROGER','DALTREY','SEM@EMAIL.COM','0','0','0000-00-00'),(280,20656776,'RONNIE','SPECTOR','SEM@EMAIL.COM','0','0','0000-00-00'),(281,20879993,'ROSLIN','FREY','SEM@EMAIL.COM','0','0','0000-00-00'),(282,20644714,'ROY','ORBISON','SEM@EMAIL.COM','0','0','0000-00-00'),(283,20881692,'RUBEO','HAGRID ','SEM@EMAIL.COM','0','0','0000-00-00'),(284,20880490,'RUFUS','SCRIMGEOUR ','SEM@EMAIL.COM','0','0','0000-00-00'),(285,20912596,'RUSH','LIMBAUGH','SEM@EMAIL.COM','0','0','0000-00-00'),(286,20870558,'RYAN','SEACREST','SEM@EMAIL.COM','0','0','0000-00-00'),(287,20532946,'SAM','COOKE','SEM@EMAIL.COM','0','0','0000-00-00'),(288,20630918,'SAMWELL','TARLY','SEM@EMAIL.COM','0','0','0000-00-00'),(289,20604161,'SANDRA','BULLOCK','SEM@EMAIL.COM','0','0','0000-00-00'),(290,20448965,'SANSA','STARK','SEM@EMAIL.COM','0','0','0000-00-00'),(291,20892222,'SCORPIUS','MALFOY ','SEM@EMAIL.COM','0','0','0000-00-00'),(292,20420010,'SEYMOUR','SKINNER','SEM@EMAIL.COM','0','0','0000-00-00'),(293,20917394,'SHELBYVILLE','MANHATTAN','SEM@EMAIL.COM','0','0','0000-00-00'),(294,20602854,'SHERRI','E TERRI','SEM@EMAIL.COM','0','0','0000-00-00'),(295,20527538,'SIDESHOW','BOB','SEM@EMAIL.COM','0','0','0000-00-00'),(296,20850860,'SIMON','COWELL','SEM@EMAIL.COM','0','0','0000-00-00'),(297,20778802,'SLY','STONE','SEM@EMAIL.COM','0','0','0000-00-00'),(298,20866590,'SMOKEY','ROBINSON','SEM@EMAIL.COM','0','0','0000-00-00'),(299,20747088,'SOFIA','VERGARA','SEM@EMAIL.COM','0','0','0000-00-00'),(300,20778076,'SOLOMON','BURKE','SEM@EMAIL.COM','0','0','0000-00-00'),(301,20875255,'STEPHEN','KING','SEM@EMAIL.COM','0','0','0000-00-00'),(302,20873301,'STEVE','PERRY','SEM@EMAIL.COM','0','0','0000-00-00'),(303,20338220,'STEVE','WINWOOD','SEM@EMAIL.COM','0','0','0000-00-00'),(304,20537088,'STEVEN','TYLER','SEM@EMAIL.COM','0','0','0000-00-00'),(305,20731465,'STEVIE','NICKS','SEM@EMAIL.COM','0','0','0000-00-00'),(306,20883468,'STEVIE','WONDER','SEM@EMAIL.COM','0','0','0000-00-00'),(307,20763844,'STUART','RADZINSKY ','SEM@EMAIL.COM','0','0','0000-00-00'),(308,20712233,'SUZANNE','COLLINS','SEM@EMAIL.COM','0','0','0000-00-00'),(309,20744719,'TAYLOR','SWIFT','SEM@EMAIL.COM','0','0','0000-00-00'),(310,20405940,'THE','EVERLY BROTHERS','SEM@EMAIL.COM','0','0','0000-00-00'),(311,20518967,'THEODORE','NOTT ','SEM@EMAIL.COM','0','0','0000-00-00'),(312,20649347,'THEON','GREYJOY','SEM@EMAIL.COM','0','0','0000-00-00'),(313,20614472,'THOM','YORKE','SEM@EMAIL.COM','0','0','0000-00-00'),(314,20886283,'TIGER','WOODS','SEM@EMAIL.COM','0','0','0000-00-00'),(315,20872376,'TINA','FEY 30 ROCK','SEM@EMAIL.COM','0','0','0000-00-00'),(316,20737322,'TOBIAS','SNAPE E EILEEN PRINCE ','SEM@EMAIL.COM','0','0','0000-00-00'),(317,20778218,'TOBY','KEITH','SEM@EMAIL.COM','0','0','0000-00-00'),(318,20624841,'TOM','BRADY','SEM@EMAIL.COM','0','0','0000-00-00'),(319,20367378,'TOM','CRUISE','SEM@EMAIL.COM','0','0','0000-00-00'),(320,20828084,'TOM','WAITS','SEM@EMAIL.COM','0','0','0000-00-00'),(321,20752411,'TOMMEN','BARATHEON','SEM@EMAIL.COM','0','0','0000-00-00'),(322,20419510,'TOOTS','HIBBERT','SEM@EMAIL.COM','0','0','0000-00-00'),(323,20730403,'TORTA','QUENTE','SEM@EMAIL.COM','0','0','0000-00-00'),(324,20709988,'TURMA','DO BERMUDAO','SEM@EMAIL.COM','0','0','0000-00-00'),(325,20891336,'TYLER','PERRY','SEM@EMAIL.COM','0','0','0000-00-00'),(326,20552167,'TYRION','LANNISTER','SEM@EMAIL.COM','0','0','0000-00-00'),(327,20628077,'TYWIN','LANNISTER','SEM@EMAIL.COM','0','0','0000-00-00'),(328,20615382,'USAIN','BOLT','SEM@EMAIL.COM','0','0','0000-00-00'),(329,20185146,'VAN','MORRISON','SEM@EMAIL.COM','0','0','0000-00-00'),(330,20661751,'VARYS','SEM NOME','SEM@EMAIL.COM','0','0','0000-00-00'),(331,20849220,'VISERYS','TARGARYEN','SEM@EMAIL.COM','0','0','0000-00-00'),(332,20761997,'WAYMAR','ROYCE','SEM@EMAIL.COM','0','0','0000-00-00'),(333,20637415,'WHITNEY','HOUSTON','SEM@EMAIL.COM','0','0','0000-00-00'),(334,20743623,'WILL','SMITH','SEM@EMAIL.COM','0','0','0000-00-00'),(335,20681493,'WILLIE','NELSON','SEM@EMAIL.COM','0','0','0000-00-00'),(336,20910982,'YEMI','SEM NOME','SEM@EMAIL.COM','0','0','0000-00-00'),(337,20550774,'GODOFREDO','SEM NOME','SEM@EMAIL.COM','0','0','0000-00-00'),(338,20710353,'DAYNERIS','SEM NOME','SEM@EMAIL.COM','0','0','0000-00-00'),(339,20583564,'AARON','LITTLETON ','SEM@EMAIL.COM','0','0','0000-00-00'),(340,20801005,'ABEFORTH','DUMBLEDORE ','SEM@EMAIL.COM','0','0','0000-00-00'),(341,20861100,'ADAM','SANDLER','SEM@EMAIL.COM','0','0','0000-00-00'),(342,20951855,'AERROW','SEM NOME','SEM@EMAIL.COM','0','0','0000-00-00'),(343,20628901,'AJUDANTE','DE PAPAI NOEL','SEM@EMAIL.COM','0','0','0000-00-00'),(344,20843993,'AL','GREEN','SEM@EMAIL.COM','0','0','0000-00-00'),(345,20755671,'ALASTOR','MOODY ','SEM@EMAIL.COM','0','0','0000-00-00'),(346,20582645,'ALEC','BALDWIN','SEM@EMAIL.COM','0','0','0000-00-00'),(347,20885720,'ALFINHO','SEM NOME','SEM@EMAIL.COM','0','0','0000-00-00'),(348,20138876,'ALICE','PERSONAGEM DA DISNEY','SEM@EMAIL.COM','0','0','0000-00-00'),(349,20999778,'ALLISER','THORNE','SEM@EMAIL.COM','0','0','0000-00-00'),(350,20694781,'ALLISON','TAYLOR THE SIMPSONS','SEM@EMAIL.COM','0','0','0000-00-00'),(351,20477418,'AMOS','DIGGORY','SEM@EMAIL.COM','0','0','0000-00-00'),(352,20977374,'ANGELINA','JOHNSON WEASLEY ','SEM@EMAIL.COM','0','0','0000-00-00'),(353,20283054,'ANGELINA','JOLIE','SEM@EMAIL.COM','0','0','0000-00-00'),(354,20657496,'ANTHONY','GOLDSTEIN ','SEM@EMAIL.COM','0','0','0000-00-00'),(355,20555078,'APOLLINE','DELACOUR','SEM@EMAIL.COM','0','0','0000-00-00'),(356,20871714,'APPLE','WHITE','SEM@EMAIL.COM','0','0','0000-00-00'),(357,20485676,'APU','NAHASAPEEMAPETILON','SEM@EMAIL.COM','0','0','0000-00-00'),(358,20352167,'ARABELLA','DORA FIGG ','SEM@EMAIL.COM','0','0','0000-00-00'),(359,20593506,'ARETHA','FRANKLIN','SEM@EMAIL.COM','0','0','0000-00-00'),(360,20675463,'ARGO','FILCH ','SEM@EMAIL.COM','0','0','0000-00-00'),(361,20872960,'ARIEL','SEM NOME','SEM@EMAIL.COM','0','0','0000-00-00'),(362,20710838,'ART','GARFUNKEL','SEM@EMAIL.COM','0','0','0000-00-00'),(363,20622954,'ARTHUR','WEASLEY ','SEM@EMAIL.COM','0','0','0000-00-00'),(364,20761390,'ASHLYNN','ELLA','SEM@EMAIL.COM','0','0','0000-00-00'),(365,20944001,'ASHTON','KUTCHER','SEM@EMAIL.COM','0','0','0000-00-00'),(366,20760846,'ASTORIA','GREENGRASS ','SEM@EMAIL.COM','0','0','0000-00-00'),(367,20752971,'AUGUSTUS','ROOKWOOD ','SEM@EMAIL.COM','0','0','0000-00-00'),(368,21013268,'AURORA','DISNEY','SEM@EMAIL.COM','0','0','0000-00-00'),(369,20977703,'AVATA','STAR SUE','SEM@EMAIL.COM','0','0','0000-00-00'),(370,20744029,'AVERY','LESTRANGE ','SEM@EMAIL.COM','0','0','0000-00-00'),(371,20989378,'AXL','ROSE','SEM@EMAIL.COM','0','0','0000-00-00'),(372,20826888,'BABAR','SEM NOME','SEM@EMAIL.COM','0','0','0000-00-00'),(373,20942607,'BACANA','MANDA-CHUVA','SEM@EMAIL.COM','0','0','0000-00-00'),(374,20575540,'BAMBI','SEM NOME','SEM@EMAIL.COM','0','0','0000-00-00'),(375,8112767,'BANDIT','SEM NOME','SEM@EMAIL.COM','0','0','0000-00-00'),(376,20866183,'BARAO','SANGRENTO ','SEM@EMAIL.COM','0','0','0000-00-00'),(377,20379782,'BARATA','RODOX','SEM@EMAIL.COM','0','0','0000-00-00'),(378,20950889,'BARNEY','GOOGLE E SNUFFY SMITH','SEM@EMAIL.COM','0','0','0000-00-00'),(379,20726379,'BARNEY','RUBBLE','SEM@EMAIL.COM','0','0','0000-00-00'),(380,20551765,'BARRA','INANIMADA DE CARVAO','SEM@EMAIL.COM','0','0','0000-00-00'),(381,21009648,'BART','SIMPSON','SEM@EMAIL.COM','0','0','0000-00-00'),(382,20960594,'MARBART','SIMPSON','SEM@EMAIL.COM','0','0','0000-00-00'),(383,20912838,'BARTOLOMEU','CROUCH ','SEM@EMAIL.COM','0','0','0000-00-00'),(384,20730276,'BARTOLOMEU','CROUCH JR. ','SEM@EMAIL.COM','0','0','0000-00-00'),(385,20683246,'BATATINHA','MANDA-CHUVA','SEM@EMAIL.COM','0','0','0000-00-00'),(386,20648159,'BATMAN','SEM NOME','SEM@EMAIL.COM','0','0','0000-00-00'),(387,20720524,'BELA','SEM NOME','SEM@EMAIL.COM','0','0','0000-00-00'),(388,21022551,'BEN','AFFLECK','SEM@EMAIL.COM','0','0','0000-00-00'),(389,20933365,'BENJEN','STARK','SEM@EMAIL.COM','0','0','0000-00-00'),(390,20905364,'BERIC','DONDARRION','SEM@EMAIL.COM','0','0','0000-00-00'),(391,20402952,'BERTHA','JORKINS ','SEM@EMAIL.COM','0','0','0000-00-00'),(392,20412899,'BETTY','BOOP','SEM@EMAIL.COM','0','0','0000-00-00'),(393,21006535,'BETTY','RUBBLE','SEM@EMAIL.COM','0','0','0000-00-00'),(394,20938989,'BEYONCE','KNOWLES','SEM@EMAIL.COM','0','0','0000-00-00'),(395,21022344,'BIMBO','SEM NOME','SEM@EMAIL.COM','0','0','0000-00-00'),(396,20948293,'BISONHO','SEM NOME','SEM@EMAIL.COM','0','0','0000-00-00'),(397,21007438,'BJORK','SEM NOME','SEM@EMAIL.COM','0','0','0000-00-00'),(398,20371677,'BLASIO','ZABINI ','SEM@EMAIL.COM','0','0','0000-00-00'),(399,20436987,'BLONDIE','LOCKES','SEM@EMAIL.COM','0','0','0000-00-00'),(400,20553630,'BOBBY','BLUE BLAND','SEM@EMAIL.COM','0','0','0000-00-00'),(401,20906283,'BOLA','DE NEVE OS SIMPSONS','SEM@EMAIL.COM','0','0','0000-00-00'),(402,20766352,'BON','JOVI','SEM@EMAIL.COM','0','0','0000-00-00'),(403,20752309,'BONNIE','RAITT','SEM@EMAIL.COM','0','0','0000-00-00'),(404,20856037,'BONO','SEM NOME','SEM@EMAIL.COM','0','0','0000-00-00'),(405,20761070,'BOWEN','MARSH','SEM@EMAIL.COM','0','0','0000-00-00'),(406,20752331,'BRAN','STARK','SEM@EMAIL.COM','0','0','0000-00-00'),(407,20955910,'BRANCA','DE NEVE DISNEY','SEM@EMAIL.COM','0','0','0000-00-00'),(408,20675223,'BRIAN','GRIFFIN','SEM@EMAIL.COM','0','0','0000-00-00'),(409,20699796,'BRIAN','WILSON','SEM@EMAIL.COM','0','0','0000-00-00'),(410,20714785,'BROTHER','BEAR','SEM@EMAIL.COM','0','0','0000-00-00'),(411,20823155,'BRUTO','MALFOY ','SEM@EMAIL.COM','0','0','0000-00-00'),(412,21010567,'BRUXA','DOS DOCES','SEM@EMAIL.COM','0','0','0000-00-00'),(413,20986603,'BUDDY','HOLLY','SEM@EMAIL.COM','0','0','0000-00-00'),(414,20868392,'BUNNY','BLANC','SEM@EMAIL.COM','0','0','0000-00-00'),(415,21010821,'CABECA','DE MARTELO DISNEY','SEM@EMAIL.COM','0','0','0000-00-00'),(416,20569500,'CALVIN','HARRIS','SEM@EMAIL.COM','0','0','0000-00-00'),(417,20679850,'CAPITAO','FEIO','SEM@EMAIL.COM','0','0','0000-00-00'),(418,21000468,'CAPITÃO GAULT ','SEM NOME','SEM@EMAIL.COM','0','0','0000-00-00'),(419,20753127,'CAPITAO','HORATIO MCCALLISTER','SEM@EMAIL.COM','0','0','0000-00-00'),(420,20965381,'CAPTAIN','CAVEMAN AND THE TEEN ANGELS','SEM@EMAIL.COM','0','0','0000-00-00'),(421,20897970,'CARIDADE','BURBAGE ','SEM@EMAIL.COM','0','0','0000-00-00'),(422,20874170,'CARL','CARLSON','SEM@EMAIL.COM','0','0','0000-00-00'),(423,20891341,'CARRIE','UNDERWOOD','SEM@EMAIL.COM','0','0','0000-00-00'),(424,21020533,'CASCAO','SEM NOME','SEM@EMAIL.COM','0','0','0000-00-00'),(425,21022827,'CASSANDRA','TRELAWNEY ','SEM@EMAIL.COM','0','0','0000-00-00'),(426,20718683,'CASSIDY','PHILLIPS ','SEM@EMAIL.COM','0','0','0000-00-00'),(427,20781288,'CASTOR','PALITO','SEM@EMAIL.COM','0','0','0000-00-00'),(428,20947993,'CEDRICO','DIGGORY ','SEM@EMAIL.COM','0','0','0000-00-00'),(429,20749930,'CERISE','HOOD','SEM@EMAIL.COM','0','0','0000-00-00'),(430,20717068,'CERSEI','LANNISTER','SEM@EMAIL.COM','0','0','0000-00-00'),(431,20967548,'CHANNING','TATUM','SEM@EMAIL.COM','0','0','0000-00-00'),(432,20742362,'CHARLES','WIDMORE ','SEM@EMAIL.COM','0','0','0000-00-00'),(433,20987488,'CHARLIE','CHAN','SEM@EMAIL.COM','0','0','0000-00-00'),(434,20072426,'CHARLIE','SHEEN','SEM@EMAIL.COM','0','0','0000-00-00'),(435,20667684,'CHARLIZE','THERON','SEM@EMAIL.COM','0','0','0000-00-00'),(436,20560403,'CHARLOTTE\'S WEB (1973)','SEM NOME','SEM@EMAIL.COM','0','0','0000-00-00'),(437,20776878,'CHARLOTTE\'S WEB (2006)','SEM NOME','SEM@EMAIL.COM','0','0','0000-00-00'),(438,20617664,'CHARLUS','E DOREA POTTER ','SEM@EMAIL.COM','0','0','0000-00-00'),(439,20615248,'CHEBURASHKA','SEM NOME','SEM@EMAIL.COM','0','0','0000-00-00'),(440,20168335,'CHESTER','CHEETAH','SEM@EMAIL.COM','0','0','0000-00-00'),(441,20960550,'CHRISTIAN','SHEPHARD ','SEM@EMAIL.COM','0','0','0000-00-00'),(442,20850474,'CHRISTINA','AGUILERA','SEM@EMAIL.COM','0','0','0000-00-00'),(443,21022314,'CHUCK','BERRY','SEM@EMAIL.COM','0','0','0000-00-00'),(444,20612310,'CINDERELA','SEM NOME','SEM@EMAIL.COM','0','0','0000-00-00'),(445,20955361,'CLANCY','WIGGUM','SEM@EMAIL.COM','0','0','0000-00-00'),(446,20149400,'CLETUS','SPUCKLER','SEM@EMAIL.COM','0','0','0000-00-00'),(447,10107918,'CLOVER','TOTALLY SPIES','SEM@EMAIL.COM','0','0','0000-00-00'),(448,20417059,'COLDPLAY','SEM NOME','SEM@EMAIL.COM','0','0','0000-00-00'),(449,21014228,'COLE','PALITO','SEM@EMAIL.COM','0','0','0000-00-00'),(450,20758621,'COLIN','CREEVEY ','SEM@EMAIL.COM','0','0','0000-00-00'),(451,20935808,'COMIC','BOOK GUY','SEM@EMAIL.COM','0','0','0000-00-00'),(452,20564624,'COOKIE','KWAN','SEM@EMAIL.COM','0','0','0000-00-00'),(453,20181016,'CORMACO','MCLAGGEN ','SEM@EMAIL.COM','0','0','0000-00-00'),(454,21019287,'CORNELIUS','FUDGE ','SEM@EMAIL.COM','0','0','0000-00-00'),(455,20721444,'CORUJAO','URSINHO PUFF','SEM@EMAIL.COM','0','0','0000-00-00'),(456,20746753,'CRAZY','CAT LADY','SEM@EMAIL.COM','0','0','0000-00-00'),(457,20916833,'CREAM','THE RABBIT','SEM@EMAIL.COM','0','0','0000-00-00'),(458,21018532,'CRISTIANO','RONALDO','SEM@EMAIL.COM','0','0','0000-00-00'),(459,20584185,'CURTIS','MAYFIELD','SEM@EMAIL.COM','0','0','0000-00-00'),(460,20943431,'CYGNUS','BLACK ','SEM@EMAIL.COM','0','0','0000-00-00'),(461,20758902,'CYRUS','SIMPSON','SEM@EMAIL.COM','0','0','0000-00-00'),(462,20551113,'DAENERYS','TARGARYEN','SEM@EMAIL.COM','0','0','0000-00-00'),(463,20885229,'DAFFY','DUCK','SEM@EMAIL.COM','0','0','0000-00-00'),(464,20252534,'DANICA','PATRICK','SEM@EMAIL.COM','0','0','0000-00-00'),(465,20550774,'DANIELLE','ROUSSEAU ','SEM@EMAIL.COM','0','0','0000-00-00'),(466,20747350,'DARBY','URSINHO POOH','SEM@EMAIL.COM','0','0','0000-00-00'),(467,20976508,'DARK','DANNY','SEM@EMAIL.COM','0','0','0000-00-00'),(468,20593513,'DAVID','BECKHAM','SEM@EMAIL.COM','0','0','0000-00-00'),(469,20962968,'DAVID','BOWIE','SEM@EMAIL.COM','0','0','0000-00-00'),(470,20912563,'DAVID','GUETTA','SEM@EMAIL.COM','0','0','0000-00-00'),(471,20574064,'DAVID','RUFFIN','SEM@EMAIL.COM','0','0','0000-00-00'),(472,21021724,'DAWLISH','SEM NOME','SEM@EMAIL.COM','0','0','0000-00-00'),(473,20738117,'DEMELZA','ROBINS ','SEM@EMAIL.COM','0','0','0000-00-00'),(474,20984496,'DENNIS','CREEVEY ','SEM@EMAIL.COM','0','0','0000-00-00'),(475,20926087,'DEXTER','FORTESCUE ','SEM@EMAIL.COM','0','0','0000-00-00'),(476,20920397,'DICK','DASTARDLY','SEM@EMAIL.COM','0','0','0000-00-00'),(477,21011382,'DIRETOR','EVERARDO ','SEM@EMAIL.COM','0','0','0000-00-00'),(478,21022944,'DISCO','STU','SEM@EMAIL.COM','0','0','0000-00-00'),(479,20701501,'DOC','HUDSON','SEM@EMAIL.COM','0','0','0000-00-00'),(480,21005497,'DOKI','SEM NOME','SEM@EMAIL.COM','0','0','0000-00-00'),(481,20902917,'DOLLY','PARTON','SEM@EMAIL.COM','0','0','0000-00-00'),(482,20731964,'DOLORES','JANE UMBRIDGE ','SEM@EMAIL.COM','0','0','0000-00-00'),(483,21004277,'GABRIEL','RAMOS TORRES','SEM@EMAIL.COM','0','0','0000-00-00'),(484,20532195,'DOLPH','OS SIMPSONS','SEM@EMAIL.COM','0','0','0000-00-00'),(485,20170120,'DON','HENLEY','SEM@EMAIL.COM','0','0','0000-00-00'),(486,20779660,'DONALD','TRUMP','SEM@EMAIL.COM','0','0','0000-00-00'),(487,20517534,'DONNY','HATHAWAY','SEM@EMAIL.COM','0','0','0000-00-00'),(488,20964343,'DOOLEY','SEM NOME','SEM@EMAIL.COM','0','0','0000-00-00'),(489,20643477,'DR','DRE','SEM@EMAIL.COM','0','0','0000-00-00'),(490,20944972,'DR','PHIL MCGRAW','SEM@EMAIL.COM','0','0','0000-00-00'),(491,20867554,'DR. NICK RIVIERA','SEM NOME','SEM@EMAIL.COM','0','0','0000-00-00'),(492,20995435,'DR. QUEST','SEM NOME','SEM@EMAIL.COM','0','0','0000-00-00'),(493,20677729,'DRACO','LUCIO MALFOY ','SEM@EMAIL.COM','0','0','0000-00-00'),(494,20941508,'DREW','BREES','SEM@EMAIL.COM','0','0','0000-00-00'),(495,20910414,'DROOPY','SEM NOME','SEM@EMAIL.COM','0','0','0000-00-00'),(496,20767223,'DUCK','DODGERS','SEM@EMAIL.COM','0','0','0000-00-00'),(497,20926206,'DUDU','POPEYE','SEM@EMAIL.COM','0','0','0000-00-00'),(498,20986244,'DWAYNE','JOHNSON','SEM@EMAIL.COM','0','0','0000-00-00'),(499,20513095,'E','L JAMES','SEM@EMAIL.COM','0','0','0000-00-00'),(500,20763799,'EDWARD','MARS ','SEM@EMAIL.COM','0','0','0000-00-00'),(501,20964826,'EL','CHAPULIN COLORADO PERSONAGEM','SEM@EMAIL.COM','0','0','0000-00-00'),(502,20728744,'ELLEN','DEGENERES','SEM@EMAIL.COM','0','0','0000-00-00'),(503,21021373,'ELMER','FUDD','SEM@EMAIL.COM','0','0','0000-00-00'),(504,20848121,'ELTON','JOHN','SEM@EMAIL.COM','0','0','0000-00-00'),(505,20545413,'ELVIS','PRESLEY','SEM@EMAIL.COM','0','0','0000-00-00'),(506,21010742,'ERIC','BOURDON','SEM@EMAIL.COM','0','0','0000-00-00'),(507,20996398,'ESMERALDA','PERSONAGEM DA DISNEY','SEM@EMAIL.COM','0','0','0000-00-00'),(508,20699695,'ESPETO','MANDA-CHUVA','SEM@EMAIL.COM','0','0','0000-00-00'),(509,20984415,'ESTRELINHA','MAGICA','SEM@EMAIL.COM','0','0','0000-00-00'),(510,21002519,'ETTA','JAMES','SEM@EMAIL.COM','0','0','0000-00-00'),(511,21009533,'EUGENIO','O JEEP MAGICO','SEM@EMAIL.COM','0','0','0000-00-00'),(512,20662992,'FA','MULAN','SEM@EMAIL.COM','0','0','0000-00-00'),(513,20916352,'FELIX','THE CAT','SEM@EMAIL.COM','0','0','0000-00-00'),(514,20682104,'FLOYD','MAYWEATHER','SEM@EMAIL.COM','0','0','0000-00-00'),(515,20887408,'FOGHORN','LEGHORN','SEM@EMAIL.COM','0','0','0000-00-00'),(516,20951323,'FRAJUTO','SEM NOME','SEM@EMAIL.COM','0','0','0000-00-00'),(517,20441043,'FRANKIE','STEIN','SEM@EMAIL.COM','0','0','0000-00-00'),(518,20969513,'FRANKIE','VALLI','SEM@EMAIL.COM','0','0','0000-00-00'),(519,20745278,'FREDDIE','MERCURY','SEM@EMAIL.COM','0','0','0000-00-00'),(520,20965981,'GAUCHINHO','VOADOR','SEM@EMAIL.COM','0','0','0000-00-00'),(521,21012571,'GEEZIL','SEM NOME','SEM@EMAIL.COM','0','0','0000-00-00'),(522,20900250,'GENIO','MANDA-CHUVA','SEM@EMAIL.COM','0','0','0000-00-00'),(523,20898284,'GEORGE','JONES','SEM@EMAIL.COM','0','0','0000-00-00'),(524,20359448,'GINORMICA','SEM NOME','SEM@EMAIL.COM','0','0','0000-00-00'),(525,20913405,'GLADYS','KNIGHT','SEM@EMAIL.COM','0','0','0000-00-00'),(526,20940095,'GORDON','RAMSAY','SEM@EMAIL.COM','0','0','0000-00-00'),(527,20687136,'GORPO','SEM NOME','SEM@EMAIL.COM','0','0','0000-00-00'),(528,21005402,'GRANNY','LOONEY TUNES','SEM@EMAIL.COM','0','0','0000-00-00'),(529,20710353,'GREGG','ALLMAN','SEM@EMAIL.COM','0','0','0000-00-00'),(530,20952826,'GREGOR','CLEGANE','SEM@EMAIL.COM','0','0','0000-00-00'),(531,20646005,'GUGU','PERSONAGEM','SEM@EMAIL.COM','0','0','0000-00-00'),(532,20918182,'GURU','URSINHO PUFF','SEM@EMAIL.COM','0','0','0000-00-00'),(533,20960071,'HANA','WYSTER','SEM@EMAIL.COM','0','0','0000-00-00'),(534,21022775,'HANK','WILLIAMS','SEM@EMAIL.COM','0','0','0000-00-00'),(535,20935142,'HANS','MOLEMAN','SEM@EMAIL.COM','0','0','0000-00-00'),(536,20331497,'HAY','LIN','SEM@EMAIL.COM','0','0','0000-00-00'),(537,20668141,'HECKLE','AND JECKLE','SEM@EMAIL.COM','0','0','0000-00-00'),(538,20805744,'HE-MAN','SEM NOME','SEM@EMAIL.COM','0','0','0000-00-00'),(539,20846635,'HICKORY',' DICKORY AND DOC','SEM@EMAIL.COM','0','0','0000-00-00'),(540,20862272,'HOMEM-BISCOITO (SHREK)','SEM NOME','SEM@EMAIL.COM','0','0','0000-00-00'),(541,21014892,'HOMER','SIMPSON','SEM@EMAIL.COM','0','0','0000-00-00'),(542,20907030,'HOMER','SIMPSON','SEM@EMAIL.COM','0','0','0000-00-00'),(543,20980842,'HONKER','MUDDLEFOOT','SEM@EMAIL.COM','0','0','0000-00-00'),(544,20661123,'HORACE','GOODSPEED ','SEM@EMAIL.COM','0','0','0000-00-00'),(545,20644984,'HOWARD','STERN','SEM@EMAIL.COM','0','0','0000-00-00'),(546,20873833,'HOWLIN\' WOLF','SEM NOME','SEM@EMAIL.COM','0','0','0000-00-00'),(547,20562797,'HUGH','JACKMAN','SEM@EMAIL.COM','0','0','0000-00-00'),(548,21023224,'HUGO','PERSONAGEM','SEM@EMAIL.COM','0','0','0000-00-00'),(549,20934388,'HUNTER','HUNTSMAN','SEM@EMAIL.COM','0','0','0000-00-00'),(550,20853375,'INSPETOR','WILLOUGHBY','SEM@EMAIL.COM','0','0','0000-00-00'),(551,20999574,'JACKIE','WILSON','SEM@EMAIL.COM','0','0','0000-00-00'),(552,21018868,'JACO','DOIS-DOIS','SEM@EMAIL.COM','0','0','0000-00-00'),(553,20570081,'JAE','LEE ','SEM@EMAIL.COM','0','0','0000-00-00'),(554,20591262,'JAIME','LANNISTER','SEM@EMAIL.COM','0','0','0000-00-00'),(555,20891101,'JAMES','BROWN','SEM@EMAIL.COM','0','0','0000-00-00'),(556,20774371,'JANIS','JOPLIN','SEM@EMAIL.COM','0','0','0000-00-00'),(557,20933286,'JANOS','SLYNT','SEM@EMAIL.COM','0','0','0000-00-00'),(558,20774552,'JASMINE','PERSONAGEM','SEM@EMAIL.COM','0','0','0000-00-00'),(559,20723088,'JEBEDIAH','OBADIAH SPRINGFIELD','SEM@EMAIL.COM','0','0','0000-00-00'),(560,20854186,'JEFF','BUCKLEY','SEM@EMAIL.COM','0','0','0000-00-00'),(561,20964741,'JENNIFER','ANISTON','SEM@EMAIL.COM','0','0','0000-00-00'),(562,20804786,'JENNIFER','LAWRENCE','SEM@EMAIL.COM','0','0','0000-00-00'),(563,20558107,'JENNIFER','LOPEZ','SEM@EMAIL.COM','0','0','0000-00-00'),(564,20745989,'JEONG','JEONG','SEM@EMAIL.COM','0','0','0000-00-00'),(565,20761959,'JEOR','MORMONT','SEM@EMAIL.COM','0','0','0000-00-00'),(566,20911135,'JERRY','LEE LEWIS','SEM@EMAIL.COM','0','0','0000-00-00'),(567,20932056,'JIM','MORRISON','SEM@EMAIL.COM','0','0','0000-00-00'),(568,20960826,'JIMBO','JONES','SEM@EMAIL.COM','0','0','0000-00-00'),(569,20993822,'JOE','COCKER','SEM@EMAIL.COM','0','0','0000-00-00'),(570,20560834,'JOFFREY','BARATHEON','SEM@EMAIL.COM','0','0','0000-00-00'),(571,20843988,'JOHN','FOGERTY','SEM@EMAIL.COM','0','0','0000-00-00'),(572,20571016,'JOHN','LEE HOOKER','SEM@EMAIL.COM','0','0','0000-00-00'),(573,20791169,'JOHN','LENNON','SEM@EMAIL.COM','0','0','0000-00-00'),(574,20988241,'JOHNNY','CASH','SEM@EMAIL.COM','0','0','0000-00-00'),(575,20855609,'JOHNNY','TEST PERSONAGEM','SEM@EMAIL.COM','0','0','0000-00-00'),(576,20759983,'JON','STEWART','SEM@EMAIL.COM','0','0','0000-00-00'),(577,20678183,'JONI','MITCHELL','SEM@EMAIL.COM','0','0','0000-00-00'),(578,20522644,'JORAH','MORMONT','SEM@EMAIL.COM','0','0','0000-00-00'),(579,20526158,'JUSTIN','BIEBER','SEM@EMAIL.COM','0','0','0000-00-00'),(580,20642054,'JUSTINE','DANCER','SEM@EMAIL.COM','0','0','0000-00-00'),(581,20990138,'KANYE','WEST','SEM@EMAIL.COM','0','0','0000-00-00'),(582,20951362,'KAREN','CARPENTER','SEM@EMAIL.COM','0','0','0000-00-00'),(583,20761310,'KAREN','DEGROOT ','SEM@EMAIL.COM','0','0','0000-00-00'),(584,20887663,'KATY','PERRY','SEM@EMAIL.COM','0','0','0000-00-00'),(585,20639422,'KEN','BONECO','SEM@EMAIL.COM','0','0','0000-00-00'),(586,20852566,'KENNY','CHESNEY','SEM@EMAIL.COM','0','0','0000-00-00'),(587,20996451,'KESSIE','SEM NOME','SEM@EMAIL.COM','0','0','0000-00-00'),(588,20971753,'KEVAN','LANNISTER','SEM@EMAIL.COM','0','0','0000-00-00'),(589,20056222,'KEVIN','HART','SEM@EMAIL.COM','0','0','0000-00-00'),(590,20096779,'KIM','KARDASHIAN','SEM@EMAIL.COM','0','0','0000-00-00'),(591,20731361,'KING','K. ROOL','SEM@EMAIL.COM','0','0','0000-00-00'),(592,20987122,'KOKO','MAX FLEISCHER','SEM@EMAIL.COM','0','0','0000-00-00'),(593,20787294,'KURT','COBAIN','SEM@EMAIL.COM','0','0','0000-00-00'),(594,21001241,'LADY','GAGA','SEM@EMAIL.COM','0','0','0000-00-00'),(595,20680814,'LEBRON','JAMES','SEM@EMAIL.COM','0','0','0000-00-00'),(596,20885877,'LEVON','HELM','SEM@EMAIL.COM','0','0','0000-00-00'),(597,20193712,'LIONEL','MESSI','SEM@EMAIL.COM','0','0','0000-00-00'),(598,20987301,'LITTLE','RICHARD','SEM@EMAIL.COM','0','0','0000-00-00'),(599,20986019,'LIZZIE','HEARTS','SEM@EMAIL.COM','0','0','0000-00-00'),(600,20771354,'LOBO','MAU','SEM@EMAIL.COM','0','0','0000-00-00'),(601,20951134,'LORDE','BORK','SEM@EMAIL.COM','0','0','0000-00-00'),(602,20993451,'LOU','REED','SEM@EMAIL.COM','0','0','0000-00-00'),(603,20907362,'LOUIS','C K','SEM@EMAIL.COM','0','0','0000-00-00'),(604,20700650,'LUPINA','SEM NOME','SEM@EMAIL.COM','0','0','0000-00-00'),(605,20290857,'MADBALLS','SEM NOME','SEM@EMAIL.COM','0','0','0000-00-00'),(606,20477824,'MADELINE','HATTER','SEM@EMAIL.COM','0','0','0000-00-00'),(607,21022490,'MADELINE','MURPHY','SEM@EMAIL.COM','0','0','0000-00-00'),(608,20652260,'MADONNA','SEM NOME','SEM@EMAIL.COM','0','0','0000-00-00'),(609,20474891,'MAGALI','SEM NOME','SEM@EMAIL.COM','0','0','0000-00-00'),(610,20961613,'MAGGIE','SIMPSON','SEM@EMAIL.COM','0','0','0000-00-00'),(611,20652060,'MAGGIE','SIMPSON','SEM@EMAIL.COM','0','0','0000-00-00'),(612,20668412,'MAI','AVATAR: THE LAST AIRBENDER','SEM@EMAIL.COM','0','0','0000-00-00'),(613,20574016,'MALIBU','STACY OS SIMPSONS','SEM@EMAIL.COM','0','0','0000-00-00'),(614,4108001,'MALIGNA','MASTERS OF THE UNIVERSE','SEM@EMAIL.COM','0','0','0000-00-00'),(615,20885672,'MANNY','PACQUIAO','SEM@EMAIL.COM','0','0','0000-00-00'),(616,20846063,'MARGE','SIMPSON','SEM@EMAIL.COM','0','0','0000-00-00'),(617,20635086,'MARIA','SHARAPOVA','SEM@EMAIL.COM','0','0','0000-00-00'),(618,20876142,'MARIAH','CAREY','SEM@EMAIL.COM','0','0','0000-00-00'),(619,21022839,'MARIETA','EDGECOMBE ','SEM@EMAIL.COM','0','0','0000-00-00'),(620,20696992,'MARIO','PERSONAGEM','SEM@EMAIL.COM','0','0','0000-00-00'),(621,20555454,'MARK','BURNETT THE BIBLE','SEM@EMAIL.COM','0','0','0000-00-00'),(622,20983581,'MARK','WAHLBERG','SEM@EMAIL.COM','0','0','0000-00-00'),(623,20892200,'MARLENE','MCKINNON ','SEM@EMAIL.COM','0','0','0000-00-00'),(624,20942035,'MARTIN','KEAMY ','SEM@EMAIL.COM','0','0','0000-00-00'),(625,21003863,'MARTIN','PRINCE','SEM@EMAIL.COM','0','0','0000-00-00'),(626,20751761,'MARVIN','GAYE','SEM@EMAIL.COM','0','0','0000-00-00'),(627,20950664,'MARVIN','MONROE','SEM@EMAIL.COM','0','0','0000-00-00'),(628,20755767,'MARVIN',' O MARCIANO','SEM@EMAIL.COM','0','0','0000-00-00'),(629,20981536,'MARY','J. BLIGE','SEM@EMAIL.COM','0','0','0000-00-00'),(630,20517433,'MASSARO','MAURICIO DE SOUSA','SEM@EMAIL.COM','0','0','0000-00-00'),(631,20774545,'MATTHEW','ABADDON ','SEM@EMAIL.COM','0','0','0000-00-00'),(632,20655654,'MAVIS','STAPLES','SEM@EMAIL.COM','0','0','0000-00-00'),(633,20856178,'MEANY','RANHETA','SEM@EMAIL.COM','0','0','0000-00-00'),(634,20876707,'MEGA','MAN ','SEM@EMAIL.COM','0','0','0000-00-00'),(635,20665197,'MEISTRE','AEMON','SEM@EMAIL.COM','0','0','0000-00-00'),(636,21012530,'MELISSA','MCCARTHY','SEM@EMAIL.COM','0','0','0000-00-00'),(637,20257443,'MENTOR','MASTERS OF THE UNIVERSE','SEM@EMAIL.COM','0','0','0000-00-00'),(638,21018259,'MERLE','HAGGARD','SEM@EMAIL.COM','0','0','0000-00-00'),(639,20929886,'MERYL','STREEP','SEM@EMAIL.COM','0','0','0000-00-00'),(640,20827834,'MICHAEL','BAY','SEM@EMAIL.COM','0','0','0000-00-00'),(641,20712853,'MICHAEL','DAMICO','SEM@EMAIL.COM','0','0','0000-00-00'),(642,20984676,'MICHAEL','JACKSON','SEM@EMAIL.COM','0','0','0000-00-00'),(643,20956615,'MICK','JAGGER','SEM@EMAIL.COM','0','0','0000-00-00'),(644,20308781,'MISS','PRISSY','SEM@EMAIL.COM','0','0','0000-00-00'),(645,20977158,'MISTER','B','SEM@EMAIL.COM','0','0','0000-00-00'),(646,20470095,'MITHU','SEM NOME','SEM@EMAIL.COM','0','0','0000-00-00'),(647,20869608,'MIYAMOTO','USAGI','SEM@EMAIL.COM','0','0','0000-00-00'),(648,20537169,'MOE','SZYSLAK','SEM@EMAIL.COM','0','0','0000-00-00'),(649,20881321,'MONA','SIMPSON','SEM@EMAIL.COM','0','0','0000-00-00'),(650,20909372,'MONICA','SEM NOME','SEM@EMAIL.COM','0','0','0000-00-00'),(651,20857069,'MONSIEUR','DELACOUR ','SEM@EMAIL.COM','0','0','0000-00-00'),(652,20772953,'MONTGOMERY','BURNS','SEM@EMAIL.COM','0','0','0000-00-00'),(653,20514382,'MORRISSEY','SEM NOME','SEM@EMAIL.COM','0','0','0000-00-00'),(654,20866055,'MUDDY','WATERS','SEM@EMAIL.COM','0','0','0000-00-00'),(655,21004753,'MULCIBER','SEM NOME','SEM@EMAIL.COM','0','0','0000-00-00'),(656,20912763,'MULHER','GORDA ','SEM@EMAIL.COM','0','0','0000-00-00'),(657,20987885,'MURPHY','GENGIVAS SANGRENTAS','SEM@EMAIL.COM','0','0','0000-00-00'),(658,20902720,'MUTTLEY','SEM NOME','SEM@EMAIL.COM','0','0','0000-00-00'),(659,20429899,'MY','MELODY','SEM@EMAIL.COM','0','0','0000-00-00'),(660,10191026,'MYRCELLA','BARATHEON','SEM@EMAIL.COM','0','0','0000-00-00'),(661,21010098,'NANA','PALITO','SEM@EMAIL.COM','0','0','0000-00-00'),(662,20528332,'NANCY','SEM NOME','SEM@EMAIL.COM','0','0','0000-00-00'),(663,20954055,'NAOMI','DORRIT ','SEM@EMAIL.COM','0','0','0000-00-00'),(664,20933332,'NARCISA','BLACK MALFOY ','SEM@EMAIL.COM','0','0','0000-00-00'),(665,20934385,'NEGI','SPRINGFIELD','SEM@EMAIL.COM','0','0','0000-00-00'),(666,20871626,'NEIL','PATRICK HARRIS','SEM@EMAIL.COM','0','0','0000-00-00'),(667,20354826,'NEIL','YOUNG','SEM@EMAIL.COM','0','0','0000-00-00'),(668,20999523,'NIGEL','WOLPERT ','SEM@EMAIL.COM','0','0','0000-00-00'),(669,20963613,'NINA','SIMONE','SEM@EMAIL.COM','0','0','0000-00-00'),(670,20565270,'OFFICER','DIBBLE','SEM@EMAIL.COM','0','0','0000-00-00'),(671,20230718,'OGG','SEM NOME','SEM@EMAIL.COM','0','0','0000-00-00'),(672,20866893,'OLIMPIA','MAXIME ','SEM@EMAIL.COM','0','0','0000-00-00'),(673,20937494,'OLIVIA','HORNBY ','SEM@EMAIL.COM','0','0','0000-00-00'),(674,20733091,'OPRAH','WINFREY','SEM@EMAIL.COM','0','0','0000-00-00'),(675,21010832,'OS','GOONS','SEM@EMAIL.COM','0','0','0000-00-00'),(676,20717393,'OSWALD','THE LUCKY RABBIT','SEM@EMAIL.COM','0','0','0000-00-00'),(677,20324578,'OTIS','REDDING','SEM@EMAIL.COM','0','0','0000-00-00'),(678,20546658,'OTTO','ROCKET','SEM@EMAIL.COM','0','0','0000-00-00'),(679,20608551,'PAC-MAN ','SEM NOME','SEM@EMAIL.COM','0','0','0000-00-00'),(680,20203141,'PAPAI','SMURF','SEM@EMAIL.COM','0','0','0000-00-00'),(681,20845287,'PATO','DONALD','SEM@EMAIL.COM','0','0','0000-00-00'),(682,20983695,'PATSY','CLINE','SEM@EMAIL.COM','0','0','0000-00-00'),(683,20314392,'PATTI','LABELLE','SEM@EMAIL.COM','0','0','0000-00-00'),(684,20853812,'PATTI','SMITH','SEM@EMAIL.COM','0','0','0000-00-00'),(685,20925146,'PAUL','MCCARTNEY','SEM@EMAIL.COM','0','0','0000-00-00'),(686,20618148,'PAUL','RODGERS','SEM@EMAIL.COM','0','0','0000-00-00'),(687,20906228,'PENELOPE','PITSTOP','SEM@EMAIL.COM','0','0','0000-00-00'),(688,20758760,'PEPPER','ANN','SEM@EMAIL.COM','0','0','0000-00-00'),(689,20978253,'PERNINHA','E LILICA','SEM@EMAIL.COM','0','0','0000-00-00'),(690,20224226,'PETER','JACKSON','SEM@EMAIL.COM','0','0','0000-00-00'),(691,20467662,'PETER','POTAMUS','SEM@EMAIL.COM','0','0','0000-00-00'),(692,20951129,'PETYR','BAELISH','SEM@EMAIL.COM','0','0','0000-00-00'),(693,20704233,'PIERRE','CHANG ','SEM@EMAIL.COM','0','0','0000-00-00'),(694,20442184,'PINK','PANTHER','SEM@EMAIL.COM','0','0','0000-00-00'),(695,20500007,'PLUCKY','DUCK','SEM@EMAIL.COM','0','0','0000-00-00'),(696,20440787,'POCAHONTAS','SEM NOME','SEM@EMAIL.COM','0','0','0000-00-00'),(697,20653995,'POPEYE','SEM NOME','SEM@EMAIL.COM','0','0','0000-00-00'),(698,20953991,'PORKY','PIG','SEM@EMAIL.COM','0','0','0000-00-00'),(699,20653610,'PORPENTINA','SCAMANDER ','SEM@EMAIL.COM','0','0','0000-00-00'),(700,20568035,'PRINCE','SEM NOME','SEM@EMAIL.COM','0','0','0000-00-00'),(701,20980951,'PUCCA','SEM NOME','SEM@EMAIL.COM','0','0','0000-00-00'),(702,20454163,'PURO','OSSO','SEM@EMAIL.COM','0','0','0000-00-00'),(703,20723369,'RACHAEL','RAY','SEM@EMAIL.COM','0','0','0000-00-00'),(704,20667541,'RAY','ROMANO','SEM@EMAIL.COM','0','0','0000-00-00'),(705,20604501,'REGULUS','BLACK ','SEM@EMAIL.COM','0','0','0000-00-00'),(706,20684091,'REPTIL','MARVEL COMICS','SEM@EMAIL.COM','0','0','0000-00-00'),(707,20370923,'RICOCHET','RABBIT & DROOP-A-LONG','SEM@EMAIL.COM','0','0','0000-00-00'),(708,20756218,'RIHANNA','SEM NOME','SEM@EMAIL.COM','0','0','0000-00-00'),(709,20548782,'ROBB','STARK','SEM@EMAIL.COM','0','0','0000-00-00'),(710,20876993,'ROBERT','BARATHEON','SEM@EMAIL.COM','0','0','0000-00-00'),(711,20883036,'ROBERT','DOWNEY JR','SEM@EMAIL.COM','0','0','0000-00-00'),(712,20799430,'ROBERT','PLANT','SEM@EMAIL.COM','0','0','0000-00-00'),(713,20886674,'ROD','STEWART','SEM@EMAIL.COM','0','0','0000-00-00'),(714,20680332,'RODRIK','CASSEL','SEM@EMAIL.COM','0','0','0000-00-00'),(715,20621695,'ROGER','DALTREY','SEM@EMAIL.COM','0','0','0000-00-00'),(716,21015814,'ROGER','FEDERER','SEM@EMAIL.COM','0','0','0000-00-00'),(717,20242313,'ROGER','LINUS ','SEM@EMAIL.COM','0','0','0000-00-00'),(718,20656776,'RONNIE','SPECTOR','SEM@EMAIL.COM','0','0','0000-00-00'),(719,20993727,'ROQUE-ROQUE','SEM NOME','SEM@EMAIL.COM','0','0','0000-00-00'),(720,20879993,'ROSLIN','FREY','SEM@EMAIL.COM','0','0','0000-00-00'),(721,20644714,'ROY','ORBISON','SEM@EMAIL.COM','0','0','0000-00-00'),(722,20881692,'RUBEO','HAGRID ','SEM@EMAIL.COM','0','0','0000-00-00'),(723,20880490,'RUFUS','SCRIMGEOUR ','SEM@EMAIL.COM','0','0','0000-00-00'),(724,20912596,'RUSH','LIMBAUGH','SEM@EMAIL.COM','0','0','0000-00-00'),(725,20870558,'RYAN','SEACREST','SEM@EMAIL.COM','0','0','0000-00-00'),(726,20532946,'SAM','COOKE','SEM@EMAIL.COM','0','0','0000-00-00'),(727,20930662,'SAM','MOORE','SEM@EMAIL.COM','0','0','0000-00-00'),(728,20630918,'SAMWELL','TARLY','SEM@EMAIL.COM','0','0','0000-00-00'),(729,20955490,'SANDOR','CLEGANE','SEM@EMAIL.COM','0','0','0000-00-00'),(730,20448965,'SANSA','STARK','SEM@EMAIL.COM','0','0','0000-00-00'),(731,20990527,'SARAH','SHEPHARD ','SEM@EMAIL.COM','0','0','0000-00-00'),(732,20919877,'SEAN','HANNITY','SEM@EMAIL.COM','0','0','0000-00-00'),(733,20420010,'SEYMOUR','SKINNER','SEM@EMAIL.COM','0','0','0000-00-00'),(734,21005423,'TIAGO','GUIDO','SEM@EMAIL.COM','0','0','0000-00-00'),(735,20917394,'SHELBYVILLE','MANHATTAN','SEM@EMAIL.COM','0','0','0000-00-00'),(736,20602854,'SHERRI','E TERRI','SEM@EMAIL.COM','0','0','0000-00-00'),(737,20527538,'SIDESHOW','BOB','SEM@EMAIL.COM','0','0','0000-00-00'),(738,20798742,'SIDESHOW','MEL','SEM@EMAIL.COM','0','0','0000-00-00'),(739,20850860,'SIMON','COWELL','SEM@EMAIL.COM','0','0','0000-00-00'),(740,20778802,'SLY','STONE','SEM@EMAIL.COM','0','0','0000-00-00'),(741,20866590,'SMOKEY','ROBINSON','SEM@EMAIL.COM','0','0','0000-00-00'),(742,20995678,'SNAKE','JAILBIRD','SEM@EMAIL.COM','0','0','0000-00-00'),(743,20747088,'SOFIA','VERGARA','SEM@EMAIL.COM','0','0','0000-00-00'),(744,20778076,'SOLOMON','BURKE','SEM@EMAIL.COM','0','0','0000-00-00'),(745,20875255,'STEPHEN','KING','SEM@EMAIL.COM','0','0','0000-00-00'),(746,20760107,'STEVEN','SPIELBERG','SEM@EMAIL.COM','0','0','0000-00-00'),(747,20537088,'STEVEN','TYLER','SEM@EMAIL.COM','0','0','0000-00-00'),(748,20731465,'STEVIE','NICKS','SEM@EMAIL.COM','0','0','0000-00-00'),(749,20883468,'STEVIE','WONDER','SEM@EMAIL.COM','0','0','0000-00-00'),(750,20763844,'STUART','RADZINSKY ','SEM@EMAIL.COM','0','0','0000-00-00'),(751,20712233,'SUZANNE','COLLINS','SEM@EMAIL.COM','0','0','0000-00-00'),(752,21026648,'SYRIO','FOREL','SEM@EMAIL.COM','0','0','0000-00-00'),(753,20744719,'TAYLOR','SWIFT','SEM@EMAIL.COM','0','0','0000-00-00'),(754,21007163,'THE','MAXX','SEM@EMAIL.COM','0','0','0000-00-00'),(755,20518967,'THEODORE','NOTT ','SEM@EMAIL.COM','0','0','0000-00-00'),(756,20649347,'THEON','GREYJOY','SEM@EMAIL.COM','0','0','0000-00-00'),(757,20614472,'THOM','YORKE','SEM@EMAIL.COM','0','0','0000-00-00'),(758,20886283,'TIGER','WOODS','SEM@EMAIL.COM','0','0','0000-00-00'),(759,20994252,'TIKARA','SEM NOME','SEM@EMAIL.COM','0','0','0000-00-00'),(760,20872376,'TINA','FEY 30 ROCK','SEM@EMAIL.COM','0','0','0000-00-00'),(761,20754667,'TINA','TURNER','SEM@EMAIL.COM','0','0','0000-00-00'),(762,20737322,'TOBIAS','SNAPE E EILEEN PRINCE ','SEM@EMAIL.COM','0','0','0000-00-00'),(763,20778218,'TOBY','KEITH','SEM@EMAIL.COM','0','0','0000-00-00'),(764,20624841,'TOM','BRADY','SEM@EMAIL.COM','0','0','0000-00-00'),(765,20367378,'TOM','CRUISE','SEM@EMAIL.COM','0','0','0000-00-00'),(766,20828084,'TOM','WAITS','SEM@EMAIL.COM','0','0','0000-00-00'),(767,20752411,'TOMMEN','BARATHEON','SEM@EMAIL.COM','0','0','0000-00-00'),(768,20419510,'TOOTS','HIBBERT','SEM@EMAIL.COM','0','0','0000-00-00'),(769,20730403,'TORTA','QUENTE','SEM@EMAIL.COM','0','0','0000-00-00'),(770,20709988,'TURMA','DO BERMUDAO','SEM@EMAIL.COM','0','0','0000-00-00'),(771,20881991,'TWEETY','SEM NOME','SEM@EMAIL.COM','0','0','0000-00-00'),(772,20891336,'TYLER','PERRY','SEM@EMAIL.COM','0','0','0000-00-00'),(773,20552167,'TYRION','LANNISTER','SEM@EMAIL.COM','0','0','0000-00-00'),(774,20628077,'TYWIN','LANNISTER','SEM@EMAIL.COM','0','0','0000-00-00'),(775,20615382,'USAIN','BOLT','SEM@EMAIL.COM','0','0','0000-00-00'),(776,20661751,'VARYS','SEM NOME','SEM@EMAIL.COM','0','0','0000-00-00'),(777,20984511,'WALDEN','MACNAIR ','SEM@EMAIL.COM','0','0','0000-00-00'),(778,20460377,'WALDER','FREY','SEM@EMAIL.COM','0','0','0000-00-00'),(779,20761997,'WAYMAR','ROYCE','SEM@EMAIL.COM','0','0','0000-00-00'),(780,20637415,'WHITNEY','HOUSTON','SEM@EMAIL.COM','0','0','0000-00-00'),(781,20743623,'WILL','SMITH','SEM@EMAIL.COM','0','0','0000-00-00'),(782,20681493,'WILLIE','NELSON','SEM@EMAIL.COM','0','0','0000-00-00'),(783,20974516,'WILSON','PICKETT','SEM@EMAIL.COM','0','0','0000-00-00'),(784,20910982,'YEMI','SEM NOME','SEM@EMAIL.COM','0','0','0000-00-00'),(785,20979427,'ZE','JACARE','SEM@EMAIL.COM','0','0','0000-00-00'),(786,20976644,'ZOOEY','DESCHANEL','SEM@EMAIL.COM','0','0','0000-00-00'),(787,20951855,'AERROW','SEM NOME','SEM@EMAIL.COM','0','0','0000-00-00'),(788,20628901,'AJUDANTE','DE PAPAI NOEL','SEM@EMAIL.COM','0','0','0000-00-00'),(789,20843993,'AL','GREEN','SEM@EMAIL.COM','0','0','0000-00-00'),(790,20755671,'ALASTOR','MOODY ','SEM@EMAIL.COM','0','0','0000-00-00'),(791,21027986,'ALICIA','SPINNET','SEM@EMAIL.COM','0','0','0000-00-00'),(792,20977374,'ANGELINA','JOHNSON WEASLEY ','SEM@EMAIL.COM','0','0','0000-00-00'),(793,21009385,'ANNIE','LENNOX','SEM@EMAIL.COM','0','0','0000-00-00'),(794,20871714,'APPLE','WHITE','SEM@EMAIL.COM','0','0','0000-00-00'),(795,20876313,'APRIL','ONEIL','SEM@EMAIL.COM','0','0','0000-00-00'),(796,20352167,'ARABELLA','DORA FIGG ','SEM@EMAIL.COM','0','0','0000-00-00'),(797,20872960,'ARIEL','SEM NOME','SEM@EMAIL.COM','0','0','0000-00-00'),(798,20761390,'ASHLYNN','ELLA','SEM@EMAIL.COM','0','0','0000-00-00'),(799,20760846,'ASTORIA','GREENGRASS ','SEM@EMAIL.COM','0','0','0000-00-00'),(800,20989378,'AXL','ROSE','SEM@EMAIL.COM','0','0','0000-00-00'),(801,21041283,'B.B. KING','SEM NOME','SEM@EMAIL.COM','0','0','0000-00-00'),(802,21009648,'BART','SIMPSON','SEM@EMAIL.COM','0','0','0000-00-00'),(803,20933365,'BENJEN','STARK','SEM@EMAIL.COM','0','0','0000-00-00'),(804,21022344,'BIMBO','SEM NOME','SEM@EMAIL.COM','0','0','0000-00-00'),(805,20948293,'BISONHO','SEM NOME','SEM@EMAIL.COM','0','0','0000-00-00'),(806,20955910,'BRANCA','DE NEVE DISNEY','SEM@EMAIL.COM','0','0','0000-00-00'),(807,20699796,'BRIAN','WILSON','SEM@EMAIL.COM','0','0','0000-00-00'),(808,20823155,'BRUTO','MALFOY ','SEM@EMAIL.COM','0','0','0000-00-00'),(809,20897970,'CARIDADE','BURBAGE ','SEM@EMAIL.COM','0','0','0000-00-00'),(810,20874170,'CARL','CARLSON','SEM@EMAIL.COM','0','0','0000-00-00'),(811,20718683,'CASSIDY','PHILLIPS ','SEM@EMAIL.COM','0','0','0000-00-00'),(812,20781288,'CASTOR','PALITO','SEM@EMAIL.COM','0','0','0000-00-00'),(813,20960550,'CHRISTIAN','SHEPHARD ','SEM@EMAIL.COM','0','0','0000-00-00'),(814,20955361,'CLANCY','WIGGUM','SEM@EMAIL.COM','0','0','0000-00-00'),(815,20935808,'COMIC','BOOK GUY','SEM@EMAIL.COM','0','0','0000-00-00'),(816,21019287,'CORNELIUS','FUDGE ','SEM@EMAIL.COM','0','0','0000-00-00'),(817,20943431,'CYGNUS','BLACK ','SEM@EMAIL.COM','0','0','0000-00-00'),(818,20758902,'CYRUS','SIMPSON','SEM@EMAIL.COM','0','0','0000-00-00'),(819,20885229,'DAFFY','DUCK','SEM@EMAIL.COM','0','0','0000-00-00'),(820,20747350,'DARBY','URSINHO POOH','SEM@EMAIL.COM','0','0','0000-00-00'),(821,20912563,'DAVID','GUETTA','SEM@EMAIL.COM','0','0','0000-00-00'),(822,20738117,'DEMELZA','ROBINS ','SEM@EMAIL.COM','0','0','0000-00-00'),(823,20984496,'DENNIS','CREEVEY ','SEM@EMAIL.COM','0','0','0000-00-00'),(824,20920397,'DICK','DASTARDLY','SEM@EMAIL.COM','0','0','0000-00-00'),(825,20902917,'DOLLY','PARTON','SEM@EMAIL.COM','0','0','0000-00-00'),(826,20643477,'DR','DRE','SEM@EMAIL.COM','0','0','0000-00-00'),(827,21050876,'DR. JULIUS HIBBERT','SEM NOME','SEM@EMAIL.COM','0','0','0000-00-00'),(828,20867554,'DR. NICK RIVIERA','SEM NOME','SEM@EMAIL.COM','0','0','0000-00-00'),(829,20941508,'DREW','BREES','SEM@EMAIL.COM','0','0','0000-00-00'),(830,21033062,'DUKEY','SEM NOME','SEM@EMAIL.COM','0','0','0000-00-00'),(831,20767228,'DUQUESA','SWAN','SEM@EMAIL.COM','0','0','0000-00-00'),(832,21027080,'DUSTY','SPRINGFIELD','SEM@EMAIL.COM','0','0','0000-00-00'),(833,20763799,'EDWARD','MARS ','SEM@EMAIL.COM','0','0','0000-00-00'),(834,20728744,'ELLEN','DEGENERES','SEM@EMAIL.COM','0','0','0000-00-00'),(835,20848121,'ELTON','JOHN','SEM@EMAIL.COM','0','0','0000-00-00'),(836,20747749,'ERNESTO','MACMILLAN ','SEM@EMAIL.COM','0','0','0000-00-00'),(837,20996398,'ESMERALDA','PERSONAGEM DA DISNEY','SEM@EMAIL.COM','0','0','0000-00-00'),(838,20699695,'ESPETO','MANDA-CHUVA','SEM@EMAIL.COM','0','0','0000-00-00'),(839,21002519,'ETTA','JAMES','SEM@EMAIL.COM','0','0','0000-00-00'),(840,20969625,'FO',' O ELFO','SEM@EMAIL.COM','0','0','0000-00-00'),(841,20969513,'FRANKIE','VALLI','SEM@EMAIL.COM','0','0','0000-00-00'),(842,20745278,'FREDDIE','MERCURY','SEM@EMAIL.COM','0','0','0000-00-00'),(843,21024608,'FUDENCIO','SEM NOME','SEM@EMAIL.COM','0','0','0000-00-00'),(844,21034194,'GISELE','BUNDCHEN','SEM@EMAIL.COM','0','0','0000-00-00'),(845,20913405,'GLADYS','KNIGHT','SEM@EMAIL.COM','0','0','0000-00-00'),(846,21005402,'GRANNY','LOONEY TUNES','SEM@EMAIL.COM','0','0','0000-00-00'),(847,20646005,'GUGU','PERSONAGEM','SEM@EMAIL.COM','0','0','0000-00-00'),(848,20918182,'GURU','URSINHO PUFF','SEM@EMAIL.COM','0','0','0000-00-00'),(849,20935142,'HANS','MOLEMAN','SEM@EMAIL.COM','0','0','0000-00-00'),(850,20668141,'HECKLE','AND JECKLE','SEM@EMAIL.COM','0','0','0000-00-00'),(851,20805744,'HE-MAN','SEM NOME','SEM@EMAIL.COM','0','0','0000-00-00'),(852,20873833,'HOWLIN\' WOLF','SEM NOME','SEM@EMAIL.COM','0','0','0000-00-00'),(853,20853375,'INSPETOR','WILLOUGHBY','SEM@EMAIL.COM','0','0','0000-00-00'),(854,21018868,'JACO','DOIS-DOIS','SEM@EMAIL.COM','0','0','0000-00-00'),(855,20933286,'JANOS','SLYNT','SEM@EMAIL.COM','0','0','0000-00-00'),(856,20774552,'JASMINE','PERSONAGEM','SEM@EMAIL.COM','0','0','0000-00-00'),(857,20854186,'JEFF','BUCKLEY','SEM@EMAIL.COM','0','0','0000-00-00'),(858,20936110,'JERRY','SEINFELD','SEM@EMAIL.COM','0','0','0000-00-00'),(859,20960826,'JIMBO','JONES','SEM@EMAIL.COM','0','0','0000-00-00'),(860,20993822,'JOE','COCKER','SEM@EMAIL.COM','0','0','0000-00-00'),(861,20843988,'JOHN','FOGERTY','SEM@EMAIL.COM','0','0','0000-00-00'),(862,20855609,'JOHNNY','TEST PERSONAGEM','SEM@EMAIL.COM','0','0','0000-00-00'),(863,20759983,'JON','STEWART','SEM@EMAIL.COM','0','0','0000-00-00'),(864,20678183,'JONI','MITCHELL','SEM@EMAIL.COM','0','0','0000-00-00'),(865,20987122,'KOKO','MAX FLEISCHER','SEM@EMAIL.COM','0','0','0000-00-00'),(866,21053189,'KRISTEN','STEWART','SEM@EMAIL.COM','0','0','0000-00-00'),(867,21001241,'LADY','GAGA','SEM@EMAIL.COM','0','0','0000-00-00'),(868,21022490,'MADELINE','MURPHY','SEM@EMAIL.COM','0','0','0000-00-00'),(869,20846063,'MARGE','SIMPSON','SEM@EMAIL.COM','0','0','0000-00-00'),(870,21003863,'MARTIN','PRINCE','SEM@EMAIL.COM','0','0','0000-00-00'),(871,20950664,'MARVIN','MONROE','SEM@EMAIL.COM','0','0','0000-00-00'),(872,20981536,'MARY','J. BLIGE','SEM@EMAIL.COM','0','0','0000-00-00'),(873,20517433,'MASSARO','MAURICIO DE SOUSA','SEM@EMAIL.COM','0','0','0000-00-00'),(874,20774545,'MATTHEW','ABADDON ','SEM@EMAIL.COM','0','0','0000-00-00'),(875,20876707,'MEGA','MAN ','SEM@EMAIL.COM','0','0','0000-00-00'),(876,20743222,'MELINDA','BOBBIN ','SEM@EMAIL.COM','0','0','0000-00-00'),(877,20827834,'MICHAEL','BAY','SEM@EMAIL.COM','0','0','0000-00-00'),(878,20956615,'MICK','JAGGER','SEM@EMAIL.COM','0','0','0000-00-00'),(879,21042591,'MILA','KUNIS','SEM@EMAIL.COM','0','0','0000-00-00'),(880,21036788,'MIRANDA','KERR','SEM@EMAIL.COM','0','0','0000-00-00'),(881,20308781,'MISS','PRISSY','SEM@EMAIL.COM','0','0','0000-00-00'),(882,20869608,'MIYAMOTO','USAGI','SEM@EMAIL.COM','0','0','0000-00-00'),(883,20881321,'MONA','SIMPSON','SEM@EMAIL.COM','0','0','0000-00-00'),(884,20909372,'MONICA','SEM NOME','SEM@EMAIL.COM','0','0','0000-00-00'),(885,20684224,'MONTAGUE','SEM NOME','SEM@EMAIL.COM','0','0','0000-00-00'),(886,20772953,'MONTGOMERY','BURNS','SEM@EMAIL.COM','0','0','0000-00-00'),(887,21044244,'MR. MAGOO','SEM NOME','SEM@EMAIL.COM','0','0','0000-00-00'),(888,20944953,'MULHER-MARAVILHA','SEM NOME','SEM@EMAIL.COM','0','0','0000-00-00'),(889,20954055,'NAOMI','DORRIT ','SEM@EMAIL.COM','0','0','0000-00-00'),(890,20933332,'NARCISA','BLACK MALFOY ','SEM@EMAIL.COM','0','0','0000-00-00'),(891,20934385,'NEGI','SPRINGFIELD','SEM@EMAIL.COM','0','0','0000-00-00'),(892,20866893,'OLIMPIA','MAXIME ','SEM@EMAIL.COM','0','0','0000-00-00'),(893,20937494,'OLIVIA','HORNBY ','SEM@EMAIL.COM','0','0','0000-00-00'),(894,20983695,'PATSY','CLINE','SEM@EMAIL.COM','0','0','0000-00-00'),(895,20666781,'PETUNIA','EVANS DURSLEY ','SEM@EMAIL.COM','0','0','0000-00-00'),(896,20953991,'PORKY','PIG','SEM@EMAIL.COM','0','0','0000-00-00'),(897,20653610,'PORPENTINA','SCAMANDER ','SEM@EMAIL.COM','0','0','0000-00-00'),(898,20575274,'RAY','CHARLES','SEM@EMAIL.COM','0','0','0000-00-00'),(899,20530684,'RIGBY','REGULAR SHOW','SEM@EMAIL.COM','0','0','0000-00-00'),(900,20876993,'ROBERT','BARATHEON','SEM@EMAIL.COM','0','0','0000-00-00'),(901,20680332,'RODRIK','CASSEL','SEM@EMAIL.COM','0','0','0000-00-00'),(902,20656776,'RONNIE','SPECTOR','SEM@EMAIL.COM','0','0','0000-00-00'),(903,20990527,'SARAH','SHEPHARD ','SEM@EMAIL.COM','0','0','0000-00-00'),(904,20919877,'SEAN','HANNITY','SEM@EMAIL.COM','0','0','0000-00-00'),(905,20029527,'SETH','MACFARLANE','SEM@EMAIL.COM','0','0','0000-00-00'),(906,20850860,'SIMON','COWELL','SEM@EMAIL.COM','0','0','0000-00-00'),(907,20778076,'SOLOMON','BURKE','SEM@EMAIL.COM','0','0','0000-00-00'),(908,20875255,'STEPHEN','KING','SEM@EMAIL.COM','0','0','0000-00-00'),(909,20537088,'STEVEN','TYLER','SEM@EMAIL.COM','0','0','0000-00-00'),(910,21052969,'STEWIE','GRIFFIN','SEM@EMAIL.COM','0','0','0000-00-00'),(911,20763844,'STUART','RADZINSKY ','SEM@EMAIL.COM','0','0','0000-00-00'),(912,20712233,'SUZANNE','COLLINS','SEM@EMAIL.COM','0','0','0000-00-00'),(913,20649347,'THEON','GREYJOY','SEM@EMAIL.COM','0','0','0000-00-00'),(914,20886283,'TIGER','WOODS','SEM@EMAIL.COM','0','0','0000-00-00'),(915,20994252,'TIKARA','SEM NOME','SEM@EMAIL.COM','0','0','0000-00-00'),(916,21031579,'TILDEN','TOOTS ','SEM@EMAIL.COM','0','0','0000-00-00'),(917,20872376,'TINA','FEY 30 ROCK','SEM@EMAIL.COM','0','0','0000-00-00'),(918,20778218,'TOBY','KEITH','SEM@EMAIL.COM','0','0','0000-00-00'),(919,20828084,'TOM','WAITS','SEM@EMAIL.COM','0','0','0000-00-00'),(920,20730403,'TORTA','QUENTE','SEM@EMAIL.COM','0','0','0000-00-00'),(921,20891336,'TYLER','PERRY','SEM@EMAIL.COM','0','0','0000-00-00'),(922,20974516,'WILSON','PICKETT','SEM@EMAIL.COM','0','0','0000-00-00'),(923,20759621,'HOLDOR','SEM NOME','SEM@EMAIL.COM','0','0','0000-00-00'),(924,20499872,'BRAN','SEM NOME','SEM@EMAIL.COM','0','0','0000-00-00'),(925,20885720,'ALFINHO','SEM NOME','SEM@EMAIL.COM','0','0','0000-00-00'),(926,20553615,'ALICE','LONGBOTTOM ','SEM@EMAIL.COM','0','0','0000-00-00'),(927,20694781,'ALLISON','TAYLOR THE SIMPSONS','SEM@EMAIL.COM','0','0','0000-00-00'),(928,21040830,'AMELIA','BONES','SEM@EMAIL.COM','0','0','0000-00-00'),(929,20743005,'AMY','POEHLER','SEM@EMAIL.COM','0','0','0000-00-00'),(930,20699549,'ANDROMEDA','BLACK TONKS ','SEM@EMAIL.COM','0','0','0000-00-00'),(931,20657496,'ANTHONY','GOLDSTEIN ','SEM@EMAIL.COM','0','0','0000-00-00'),(932,20593506,'ARETHA','FRANKLIN','SEM@EMAIL.COM','0','0','0000-00-00'),(933,20675463,'ARGO','FILCH ','SEM@EMAIL.COM','0','0','0000-00-00'),(934,20710838,'ART','GARFUNKEL','SEM@EMAIL.COM','0','0','0000-00-00'),(935,20944001,'ASHTON','KUTCHER','SEM@EMAIL.COM','0','0','0000-00-00'),(936,20752971,'AUGUSTUS','ROOKWOOD ','SEM@EMAIL.COM','0','0','0000-00-00'),(937,21013268,'AURORA','DISNEY','SEM@EMAIL.COM','0','0','0000-00-00'),(938,20744029,'AVERY','LESTRANGE ','SEM@EMAIL.COM','0','0','0000-00-00'),(939,20826888,'BABAR','SEM NOME','SEM@EMAIL.COM','0','0','0000-00-00'),(940,21038199,'BAMBAM','RUBBLE','SEM@EMAIL.COM','0','0','0000-00-00'),(941,20950889,'BARNEY','GOOGLE E SNUFFY SMITH','SEM@EMAIL.COM','0','0','0000-00-00'),(942,20726379,'BARNEY','RUBBLE','SEM@EMAIL.COM','0','0','0000-00-00'),(943,20912838,'BARTOLOMEU','CROUCH ','SEM@EMAIL.COM','0','0','0000-00-00'),(944,20730276,'BARTOLOMEU','CROUCH JR. ','SEM@EMAIL.COM','0','0','0000-00-00'),(945,20683246,'BATATINHA','MANDA-CHUVA','SEM@EMAIL.COM','0','0','0000-00-00'),(946,20648159,'BATMAN','SEM NOME','SEM@EMAIL.COM','0','0','0000-00-00'),(947,20720524,'BELA','SEM NOME','SEM@EMAIL.COM','0','0','0000-00-00'),(948,20905364,'BERIC','DONDARRION','SEM@EMAIL.COM','0','0','0000-00-00'),(949,20938989,'BEYONCE','KNOWLES','SEM@EMAIL.COM','0','0','0000-00-00'),(950,21007438,'BJORK','SEM NOME','SEM@EMAIL.COM','0','0','0000-00-00'),(951,21048231,'BOB','MARLEY','SEM@EMAIL.COM','0','0','0000-00-00'),(952,20553630,'BOBBY','BLUE BLAND','SEM@EMAIL.COM','0','0','0000-00-00'),(953,20906283,'BOLA','DE NEVE OS SIMPSONS','SEM@EMAIL.COM','0','0','0000-00-00'),(954,20766352,'BON','JOVI','SEM@EMAIL.COM','0','0','0000-00-00'),(955,20856037,'BONO','SEM NOME','SEM@EMAIL.COM','0','0','0000-00-00'),(956,21044404,'BRENDINE','SPUCKLER','SEM@EMAIL.COM','0','0','0000-00-00'),(957,20675223,'BRIAN','GRIFFIN','SEM@EMAIL.COM','0','0','0000-00-00'),(958,20714785,'BROTHER','BEAR','SEM@EMAIL.COM','0','0','0000-00-00'),(959,21049259,'BROTHER','BEAR 2','SEM@EMAIL.COM','0','0','0000-00-00'),(960,21029867,'BRUCE','SPRINGSTEEN','SEM@EMAIL.COM','0','0','0000-00-00'),(961,20986603,'BUDDY','HOLLY','SEM@EMAIL.COM','0','0','0000-00-00'),(962,20868392,'BUNNY','BLANC','SEM@EMAIL.COM','0','0','0000-00-00'),(963,21010821,'CABECA','DE MARTELO DISNEY','SEM@EMAIL.COM','0','0','0000-00-00'),(964,20679850,'CAPITAO','FEIO','SEM@EMAIL.COM','0','0','0000-00-00'),(965,21000468,'CAPITÃO GAULT ','SEM NOME','SEM@EMAIL.COM','0','0','0000-00-00'),(966,20965381,'CAPTAIN','CAVEMAN AND THE TEEN ANGELS','SEM@EMAIL.COM','0','0','0000-00-00'),(967,20891341,'CARRIE','UNDERWOOD','SEM@EMAIL.COM','0','0','0000-00-00'),(968,20947993,'CEDRICO','DIGGORY ','SEM@EMAIL.COM','0','0','0000-00-00'),(969,20749930,'CERISE','HOOD','SEM@EMAIL.COM','0','0','0000-00-00'),(970,20717068,'CERSEI','LANNISTER','SEM@EMAIL.COM','0','0','0000-00-00'),(971,20987488,'CHARLIE','CHAN','SEM@EMAIL.COM','0','0','0000-00-00'),(972,20072426,'CHARLIE','SHEEN','SEM@EMAIL.COM','0','0','0000-00-00'),(973,20667684,'CHARLIZE','THERON','SEM@EMAIL.COM','0','0','0000-00-00'),(974,20776878,'CHARLOTTE\'S WEB (2006)','SEM NOME','SEM@EMAIL.COM','0','0','0000-00-00'),(975,20617664,'CHARLUS','E DOREA POTTER ','SEM@EMAIL.COM','0','0','0000-00-00'),(976,21034035,'CHO','CHANG ','SEM@EMAIL.COM','0','0','0000-00-00'),(977,20994740,'CINDY','CHANDLER ','SEM@EMAIL.COM','0','0','0000-00-00'),(978,20417059,'COLDPLAY','SEM NOME','SEM@EMAIL.COM','0','0','0000-00-00'),(979,21014228,'COLE','PALITO','SEM@EMAIL.COM','0','0','0000-00-00'),(980,20564624,'COOKIE','KWAN','SEM@EMAIL.COM','0','0','0000-00-00'),(981,21046700,'DAMA','CINZENTA ','SEM@EMAIL.COM','0','0','0000-00-00'),(982,20252534,'DANICA','PATRICK','SEM@EMAIL.COM','0','0','0000-00-00'),(983,20550774,'DANIELLE','ROUSSEAU ','SEM@EMAIL.COM','0','0','0000-00-00'),(984,21021724,'DAWLISH','SEM NOME','SEM@EMAIL.COM','0','0','0000-00-00'),(985,20651390,'DION','SEM NOME','SEM@EMAIL.COM','0','0','0000-00-00'),(986,21022944,'DISCO','STU','SEM@EMAIL.COM','0','0','0000-00-00'),(987,20731964,'DOLORES','JANE UMBRIDGE ','SEM@EMAIL.COM','0','0','0000-00-00'),(988,21004277,'GABRIEL','RAMOS TORRES','SEM@EMAIL.COM','0','0','0000-00-00'),(989,20532195,'DOLPH','OS SIMPSONS','SEM@EMAIL.COM','0','0','0000-00-00'),(990,20779660,'DONALD','TRUMP','SEM@EMAIL.COM','0','0','0000-00-00'),(991,20677729,'DRACO','LUCIO MALFOY ','SEM@EMAIL.COM','0','0','0000-00-00'),(992,20910414,'DROOPY','SEM NOME','SEM@EMAIL.COM','0','0','0000-00-00'),(993,21048425,'DRUELA','ROSIER BLACK ','SEM@EMAIL.COM','0','0','0000-00-00'),(994,20767223,'DUCK','DODGERS','SEM@EMAIL.COM','0','0','0000-00-00'),(995,20926206,'DUDU','POPEYE','SEM@EMAIL.COM','0','0','0000-00-00'),(996,21039727,'DUFFMAN','SEM NOME','SEM@EMAIL.COM','0','0','0000-00-00'),(997,20986244,'DWAYNE','JOHNSON','SEM@EMAIL.COM','0','0','0000-00-00'),(998,21021373,'ELMER','FUDD','SEM@EMAIL.COM','0','0','0000-00-00'),(999,20545413,'ELVIS','PRESLEY','SEM@EMAIL.COM','0','0','0000-00-00'),(1000,20612640,'EMMA','STONE','SEM@EMAIL.COM','0','0','0000-00-00'),(1001,21010742,'ERIC','BOURDON','SEM@EMAIL.COM','0','0','0000-00-00'),(1002,20984415,'ESTRELINHA','MAGICA','SEM@EMAIL.COM','0','0','0000-00-00'),(1003,20662992,'FA','MULAN','SEM@EMAIL.COM','0','0','0000-00-00'),(1004,20682104,'FLOYD','MAYWEATHER','SEM@EMAIL.COM','0','0','0000-00-00'),(1005,20887408,'FOGHORN','LEGHORN','SEM@EMAIL.COM','0','0','0000-00-00'),(1006,20951323,'FRAJUTO','SEM NOME','SEM@EMAIL.COM','0','0','0000-00-00'),(1007,20965981,'GAUCHINHO','VOADOR','SEM@EMAIL.COM','0','0','0000-00-00'),(1008,21012571,'GEEZIL','SEM NOME','SEM@EMAIL.COM','0','0','0000-00-00'),(1009,20898284,'GEORGE','JONES','SEM@EMAIL.COM','0','0','0000-00-00'),(1010,21039823,'GLENN','BECK','SEM@EMAIL.COM','0','0','0000-00-00'),(1011,20465571,'GOGO','DODO','SEM@EMAIL.COM','0','0','0000-00-00'),(1012,20940095,'GORDON','RAMSAY','SEM@EMAIL.COM','0','0','0000-00-00'),(1013,20710353,'GREGG','ALLMAN','SEM@EMAIL.COM','0','0','0000-00-00'),(1014,21040113,'GWEN','TENNYSON','SEM@EMAIL.COM','0','0','0000-00-00'),(1015,20960071,'HANA','WYSTER','SEM@EMAIL.COM','0','0','0000-00-00'),(1016,21022775,'HANK','WILLIAMS','SEM@EMAIL.COM','0','0','0000-00-00'),(1017,20292934,'HERBERT','POWELL SIMPSON','SEM@EMAIL.COM','0','0','0000-00-00'),(1018,20846635,'HICKORY',' DICKORY AND DOC','SEM@EMAIL.COM','0','0','0000-00-00'),(1019,20862272,'HOMEM-BISCOITO (SHREK)','SEM NOME','SEM@EMAIL.COM','0','0','0000-00-00'),(1020,21014892,'HOMER','SIMPSON','SEM@EMAIL.COM','0','0','0000-00-00'),(1021,20661123,'HORACE','GOODSPEED ','SEM@EMAIL.COM','0','0','0000-00-00'),(1022,20644984,'HOWARD','STERN','SEM@EMAIL.COM','0','0','0000-00-00'),(1023,21023224,'HUGO','PERSONAGEM','SEM@EMAIL.COM','0','0','0000-00-00'),(1024,20934388,'HUNTER','HUNTSMAN','SEM@EMAIL.COM','0','0','0000-00-00'),(1025,20999574,'JACKIE','WILSON','SEM@EMAIL.COM','0','0','0000-00-00'),(1026,20891101,'JAMES','BROWN','SEM@EMAIL.COM','0','0','0000-00-00'),(1027,20774371,'JANIS','JOPLIN','SEM@EMAIL.COM','0','0','0000-00-00'),(1028,20685477,'JAY-Z','SEM NOME','SEM@EMAIL.COM','0','0','0000-00-00'),(1029,20964741,'JENNIFER','ANISTON','SEM@EMAIL.COM','0','0','0000-00-00'),(1030,20804786,'JENNIFER','LAWRENCE','SEM@EMAIL.COM','0','0','0000-00-00'),(1031,20745989,'JEONG','JEONG','SEM@EMAIL.COM','0','0','0000-00-00'),(1032,20761959,'JEOR','MORMONT','SEM@EMAIL.COM','0','0','0000-00-00'),(1033,20911135,'JERRY','LEE LEWIS','SEM@EMAIL.COM','0','0','0000-00-00'),(1034,20791169,'JOHN','LENNON','SEM@EMAIL.COM','0','0','0000-00-00'),(1035,20444998,'JON','SNOW','SEM@EMAIL.COM','0','0','0000-00-00'),(1036,20522644,'JORAH','MORMONT','SEM@EMAIL.COM','0','0','0000-00-00'),(1037,20526158,'JUSTIN','BIEBER','SEM@EMAIL.COM','0','0','0000-00-00'),(1038,20642054,'JUSTINE','DANCER','SEM@EMAIL.COM','0','0','0000-00-00'),(1039,20990138,'KANYE','WEST','SEM@EMAIL.COM','0','0','0000-00-00'),(1040,20761310,'KAREN','DEGROOT ','SEM@EMAIL.COM','0','0','0000-00-00'),(1041,20639422,'KEN','BONECO','SEM@EMAIL.COM','0','0','0000-00-00'),(1042,20852566,'KENNY','CHESNEY','SEM@EMAIL.COM','0','0','0000-00-00'),(1043,20996451,'KESSIE','SEM NOME','SEM@EMAIL.COM','0','0','0000-00-00'),(1044,20971753,'KEVAN','LANNISTER','SEM@EMAIL.COM','0','0','0000-00-00'),(1045,21052101,'KOBE','BRYANT','SEM@EMAIL.COM','0','0','0000-00-00'),(1046,20787294,'KURT','COBAIN','SEM@EMAIL.COM','0','0','0000-00-00'),(1047,21039802,'LANCEL','LANNISTER','SEM@EMAIL.COM','0','0','0000-00-00'),(1048,20680814,'LEBRON','JAMES','SEM@EMAIL.COM','0','0','0000-00-00'),(1049,20704265,'LEONARDO','DICAPRIO','SEM@EMAIL.COM','0','0','0000-00-00'),(1050,20885877,'LEVON','HELM','SEM@EMAIL.COM','0','0','0000-00-00'),(1051,20987301,'LITTLE','RICHARD','SEM@EMAIL.COM','0','0','0000-00-00'),(1052,20986019,'LIZZIE','HEARTS','SEM@EMAIL.COM','0','0','0000-00-00'),(1053,20771354,'LOBO','MAU','SEM@EMAIL.COM','0','0','0000-00-00'),(1054,20903774,'LOMMY','MAOS VERDES','SEM@EMAIL.COM','0','0','0000-00-00'),(1055,20951134,'LORDE','BORK','SEM@EMAIL.COM','0','0','0000-00-00'),(1056,21042392,'LOTHAR','FREY','SEM@EMAIL.COM','0','0','0000-00-00'),(1057,20993451,'LOU','REED','SEM@EMAIL.COM','0','0','0000-00-00'),(1058,20700650,'LUPINA','SEM NOME','SEM@EMAIL.COM','0','0','0000-00-00'),(1059,20743761,'LUTHER','VANDROSS','SEM@EMAIL.COM','0','0','0000-00-00'),(1060,20652260,'MADONNA','SEM NOME','SEM@EMAIL.COM','0','0','0000-00-00'),(1061,20652060,'MAGGIE','SIMPSON','SEM@EMAIL.COM','0','0','0000-00-00'),(1062,20668412,'MAI','AVATAR: THE LAST AIRBENDER','SEM@EMAIL.COM','0','0','0000-00-00'),(1063,21048156,'MALEVOLA','DISNEY','SEM@EMAIL.COM','0','0','0000-00-00'),(1064,20885672,'MANNY','PACQUIAO','SEM@EMAIL.COM','0','0','0000-00-00'),(1065,20876142,'MARIAH','CAREY','SEM@EMAIL.COM','0','0','0000-00-00'),(1066,20696992,'MARIO','PERSONAGEM','SEM@EMAIL.COM','0','0','0000-00-00'),(1067,20892200,'MARLENE','MCKINNON ','SEM@EMAIL.COM','0','0','0000-00-00'),(1068,21052628,'MARQUES','DE RABICO','SEM@EMAIL.COM','0','0','0000-00-00'),(1069,20942035,'MARTIN','KEAMY ','SEM@EMAIL.COM','0','0','0000-00-00'),(1070,20751761,'MARVIN','GAYE','SEM@EMAIL.COM','0','0','0000-00-00'),(1071,20755767,'MARVIN',' O MARCIANO','SEM@EMAIL.COM','0','0','0000-00-00'),(1072,20655654,'MAVIS','STAPLES','SEM@EMAIL.COM','0','0','0000-00-00'),(1073,20665197,'MEISTRE','AEMON','SEM@EMAIL.COM','0','0','0000-00-00'),(1074,21012530,'MELISSA','MCCARTHY','SEM@EMAIL.COM','0','0','0000-00-00'),(1075,21018259,'MERLE','HAGGARD','SEM@EMAIL.COM','0','0','0000-00-00'),(1076,20984676,'MICHAEL','JACKSON','SEM@EMAIL.COM','0','0','0000-00-00'),(1077,20537169,'MOE','SZYSLAK','SEM@EMAIL.COM','0','0','0000-00-00'),(1078,20514382,'MORRISSEY','SEM NOME','SEM@EMAIL.COM','0','0','0000-00-00'),(1079,20866055,'MUDDY','WATERS','SEM@EMAIL.COM','0','0','0000-00-00'),(1080,21004753,'MULCIBER','SEM NOME','SEM@EMAIL.COM','0','0','0000-00-00'),(1081,20912763,'MULHER','GORDA ','SEM@EMAIL.COM','0','0','0000-00-00'),(1082,21048581,'MUNDUNGO','FLETCHER ','SEM@EMAIL.COM','0','0','0000-00-00'),(1083,20987885,'MURPHY','GENGIVAS SANGRENTAS','SEM@EMAIL.COM','0','0','0000-00-00'),(1084,20902720,'MUTTLEY','SEM NOME','SEM@EMAIL.COM','0','0','0000-00-00'),(1085,20871626,'NEIL','PATRICK HARRIS','SEM@EMAIL.COM','0','0','0000-00-00'),(1086,20963613,'NINA','SIMONE','SEM@EMAIL.COM','0','0','0000-00-00'),(1087,21010832,'OS','GOONS','SEM@EMAIL.COM','0','0','0000-00-00'),(1088,20717393,'OSWALD','THE LUCKY RABBIT','SEM@EMAIL.COM','0','0','0000-00-00'),(1089,21051541,'PE','DE PANO','SEM@EMAIL.COM','0','0','0000-00-00'),(1090,20906228,'PENELOPE','PITSTOP','SEM@EMAIL.COM','0','0','0000-00-00'),(1091,20758760,'PEPPER','ANN','SEM@EMAIL.COM','0','0','0000-00-00'),(1092,20978253,'PERNINHA','E LILICA','SEM@EMAIL.COM','0','0','0000-00-00'),(1093,20951129,'PETYR','BAELISH','SEM@EMAIL.COM','0','0','0000-00-00'),(1094,21044230,'PHIL','MICKELSON','SEM@EMAIL.COM','0','0','0000-00-00'),(1095,21049331,'PICOLINO','SEM NOME','SEM@EMAIL.COM','0','0','0000-00-00'),(1096,20653995,'POPEYE','SEM NOME','SEM@EMAIL.COM','0','0','0000-00-00'),(1097,20568035,'PRINCE','SEM NOME','SEM@EMAIL.COM','0','0','0000-00-00'),(1098,20980951,'PUCCA','SEM NOME','SEM@EMAIL.COM','0','0','0000-00-00'),(1099,20723369,'RACHAEL','RAY','SEM@EMAIL.COM','0','0','0000-00-00'),(1100,21048487,'RAFAEL','NADAL','SEM@EMAIL.COM','0','0','0000-00-00'),(1101,20667541,'RAY','ROMANO','SEM@EMAIL.COM','0','0','0000-00-00'),(1102,20684091,'REPTIL','MARVEL COMICS','SEM@EMAIL.COM','0','0','0000-00-00'),(1103,20756218,'RIHANNA','SEM NOME','SEM@EMAIL.COM','0','0','0000-00-00'),(1104,20886674,'ROD','STEWART','SEM@EMAIL.COM','0','0','0000-00-00'),(1105,21015814,'ROGER','FEDERER','SEM@EMAIL.COM','0','0','0000-00-00'),(1106,20993727,'ROQUE-ROQUE','SEM NOME','SEM@EMAIL.COM','0','0','0000-00-00'),(1107,20644714,'ROY','ORBISON','SEM@EMAIL.COM','0','0','0000-00-00'),(1108,20880490,'RUFUS','SCRIMGEOUR ','SEM@EMAIL.COM','0','0','0000-00-00'),(1109,20870558,'RYAN','SEACREST','SEM@EMAIL.COM','0','0','0000-00-00'),(1110,20930662,'SAM','MOORE','SEM@EMAIL.COM','0','0','0000-00-00'),(1111,20955490,'SANDOR','CLEGANE','SEM@EMAIL.COM','0','0','0000-00-00'),(1112,20309883,'SELMA','BOUVIER','SEM@EMAIL.COM','0','0','0000-00-00'),(1113,21051610,'SERENA','WILLIAMS','SEM@EMAIL.COM','0','0','0000-00-00'),(1114,21005423,'TIAGO','GUIDO','SEM@EMAIL.COM','0','0','0000-00-00'),(1115,20917394,'SHELBYVILLE','MANHATTAN','SEM@EMAIL.COM','0','0','0000-00-00'),(1116,20527538,'SIDESHOW','BOB','SEM@EMAIL.COM','0','0','0000-00-00'),(1117,20798742,'SIDESHOW','MEL','SEM@EMAIL.COM','0','0','0000-00-00'),(1118,20778802,'SLY','STONE','SEM@EMAIL.COM','0','0','0000-00-00'),(1119,20866590,'SMOKEY','ROBINSON','SEM@EMAIL.COM','0','0','0000-00-00'),(1120,20995678,'SNAKE','JAILBIRD','SEM@EMAIL.COM','0','0','0000-00-00'),(1121,20747088,'SOFIA','VERGARA','SEM@EMAIL.COM','0','0','0000-00-00'),(1122,20760107,'STEVEN','SPIELBERG','SEM@EMAIL.COM','0','0','0000-00-00'),(1123,20731465,'STEVIE','NICKS','SEM@EMAIL.COM','0','0','0000-00-00'),(1124,20883468,'STEVIE','WONDER','SEM@EMAIL.COM','0','0','0000-00-00'),(1125,21026648,'SYRIO','FOREL','SEM@EMAIL.COM','0','0','0000-00-00'),(1126,20744719,'TAYLOR','SWIFT','SEM@EMAIL.COM','0','0','0000-00-00'),(1127,21007163,'THE','MAXX','SEM@EMAIL.COM','0','0','0000-00-00'),(1128,20754667,'TINA','TURNER','SEM@EMAIL.COM','0','0','0000-00-00'),(1129,20709988,'TURMA','DO BERMUDAO','SEM@EMAIL.COM','0','0','0000-00-00'),(1130,21047629,'BRAM','SEM NOME','SEM@EMAIL.COM','0','0','0000-00-00'),(1131,20661751,'VARYS','SEM NOME','SEM@EMAIL.COM','0','0','0000-00-00'),(1132,20743623,'WILL','SMITH','SEM@EMAIL.COM','0','0','0000-00-00'),(1133,20681493,'WILLIE','NELSON','SEM@EMAIL.COM','0','0','0000-00-00'),(1134,20910982,'YEMI','SEM NOME','SEM@EMAIL.COM','0','0','0000-00-00'),(1135,20979427,'ZE','JACARE','SEM@EMAIL.COM','0','0','0000-00-00'),(1136,21032798,'JOHN','SNOW','SEM@EMAIL.COM','0','0','0000-00-00'),(1137,20944972,'BOLTOR','SEM NOME','SEM@EMAIL.COM','0','0','0000-00-00'),(1138,20378782,'BOLTON','SEM NOME','SEM@EMAIL.COM','0','0','0000-00-00'),(1139,21981627,'SMIGLE','SEM NOME','SEM@EMAIL.COM','0','0','0000-00-00'),(1140,21022639,'GANDALF THE WHITE','SEM NOME','SEM@EMAIL.COM','0','0','0000-00-00'),(1141,20198778,'IGOR','POMPEO TAVARES DE SOUZA','SEM@EMAIL.COM','0','0','0000-00-00'),(1142,20198778,'IGOR','POMPEO TAVARES DE SOUZA','SEM@EMAIL.COM','0','0','0000-00-00'),(1143,20198778,'IGOR','POMPEO TAVARES DE SOUZA','SEM@EMAIL.COM','0','0','0000-00-00'),(1144,20198778,'IGOR','POMPEO TAVARES DE SOUZA','SEM@EMAIL.COM','0','0','0000-00-00'),(1145,20198778,'IGOR','POMPEO TAVARES DE SOUZA','SEM@EMAIL.COM','0','0','0000-00-00'),(1146,20198778,'IGOR','POMPEO TAVARES DE SOUZA','SEM@EMAIL.COM','0','0','0000-00-00'),(1147,20198778,'IGOR','POMPEO TAVARES DE SOUZA','SEM@EMAIL.COM','0','0','0000-00-00'),(1148,20198778,'IGOR','POMPEO TAVARES DE SOUZA','SEM@EMAIL.COM','0','0','0000-00-00'),(1149,20532190,'GABRIEL','RAMOS VIEIRA','SEM@EMAIL.COM','0','0','0000-00-00'),(1150,20532190,'GABRIEL','RAMOS VIEIRA','SEM@EMAIL.COM','0','0','0000-00-00'),(1151,20532190,'GABRIEL','RAMOS VIEIRA','SEM@EMAIL.COM','0','0','0000-00-00'),(1152,20532190,'GABRIEL','RAMOS VIEIRA','SEM@EMAIL.COM','0','0','0000-00-00'),(1153,20532190,'GABRIEL','RAMOS VIEIRA','SEM@EMAIL.COM','0','0','0000-00-00'),(1154,20532190,'GABRIEL','RAMOS VIEIRA','SEM@EMAIL.COM','0','0','0000-00-00'),(1155,20532190,'GABRIEL','RAMOS VIEIRA','SEM@EMAIL.COM','0','0','0000-00-00'),(1156,20532190,'GABRIEL','RAMOS VIEIRA','SEM@EMAIL.COM','0','0','0000-00-00');
/*!40000 ALTER TABLE `aluno` ENABLE KEYS */;
UNLOCK TABLES;

--
-- Table structure for table `aluno_curso`
--

DROP TABLE IF EXISTS `aluno_curso`;
/*!40101 SET @saved_cs_client     = @@character_set_client */;
/*!40101 SET character_set_client = utf8 */;
CREATE TABLE `aluno_curso` (
  `id_aluno` int(11) NOT NULL,
  `id_curso` int(11) NOT NULL,
  `ra` int(11) DEFAULT NULL,
  `descricao` varchar(45) DEFAULT NULL,
  KEY `id_aluno` (`id_aluno`),
  KEY `id_curso` (`id_curso`),
  CONSTRAINT `aluno_curso_ibfk_1` FOREIGN KEY (`id_aluno`) REFERENCES `aluno` (`id`),
  CONSTRAINT `aluno_curso_ibfk_2` FOREIGN KEY (`id_curso`) REFERENCES `curso` (`id`)
) ENGINE=InnoDB DEFAULT CHARSET=latin1;
/*!40101 SET character_set_client = @saved_cs_client */;

--
-- Dumping data for table `aluno_curso`
--

LOCK TABLES `aluno_curso` WRITE;
/*!40000 ALTER TABLE `aluno_curso` DISABLE KEYS */;
INSERT INTO `aluno_curso` VALUES (1,1,NULL,NULL),(2,2,NULL,NULL),(3,3,NULL,NULL),(4,4,NULL,NULL),(5,5,NULL,NULL),(6,6,NULL,NULL),(7,7,NULL,NULL),(8,8,NULL,NULL),(9,9,NULL,NULL),(10,10,NULL,NULL),(11,11,NULL,NULL),(12,12,NULL,NULL),(13,13,NULL,NULL),(14,14,NULL,NULL),(15,15,NULL,NULL),(16,16,NULL,NULL),(17,17,NULL,NULL),(18,18,NULL,NULL),(19,19,NULL,NULL),(20,20,NULL,NULL),(21,21,NULL,NULL),(22,22,NULL,NULL),(23,23,NULL,NULL),(24,24,NULL,NULL),(25,25,NULL,NULL),(26,26,NULL,NULL),(27,27,NULL,NULL),(28,28,NULL,NULL),(29,29,NULL,NULL),(30,30,NULL,NULL),(31,31,NULL,NULL),(32,32,NULL,NULL),(33,33,NULL,NULL),(34,34,NULL,NULL),(35,35,NULL,NULL),(36,36,NULL,NULL),(37,37,NULL,NULL),(38,38,NULL,NULL),(39,39,NULL,NULL),(40,40,NULL,NULL),(41,41,NULL,NULL),(42,42,NULL,NULL),(43,43,NULL,NULL),(44,44,NULL,NULL),(45,45,NULL,NULL),(46,46,NULL,NULL),(47,47,NULL,NULL),(48,48,NULL,NULL),(49,49,NULL,NULL),(50,50,NULL,NULL),(51,51,NULL,NULL),(52,52,NULL,NULL),(53,53,NULL,NULL),(54,54,NULL,NULL),(55,55,NULL,NULL),(56,56,NULL,NULL),(57,57,NULL,NULL),(58,58,NULL,NULL),(59,59,NULL,NULL),(60,60,NULL,NULL),(61,61,NULL,NULL),(62,62,NULL,NULL),(63,63,NULL,NULL),(64,64,NULL,NULL),(65,65,NULL,NULL),(66,66,NULL,NULL),(67,67,NULL,NULL),(68,68,NULL,NULL),(69,69,NULL,NULL),(70,70,NULL,NULL),(71,71,NULL,NULL),(72,72,NULL,NULL),(73,73,NULL,NULL),(74,74,NULL,NULL),(75,75,NULL,NULL),(76,76,NULL,NULL),(77,77,NULL,NULL),(78,78,NULL,NULL),(79,79,NULL,NULL),(80,80,NULL,NULL),(81,81,NULL,NULL),(82,82,NULL,NULL),(83,83,NULL,NULL),(84,84,NULL,NULL),(85,85,NULL,NULL),(86,86,NULL,NULL),(87,87,NULL,NULL),(88,88,NULL,NULL),(89,89,NULL,NULL),(90,90,NULL,NULL),(91,91,NULL,NULL),(92,92,NULL,NULL),(93,93,NULL,NULL),(94,94,NULL,NULL),(95,95,NULL,NULL),(96,96,NULL,NULL),(97,97,NULL,NULL),(98,98,NULL,NULL),(99,99,NULL,NULL),(100,100,NULL,NULL),(101,101,NULL,NULL),(102,102,NULL,NULL),(103,103,NULL,NULL),(104,104,NULL,NULL),(105,105,NULL,NULL),(106,106,NULL,NULL),(107,107,NULL,NULL),(108,108,NULL,NULL),(109,109,NULL,NULL),(110,110,NULL,NULL),(111,111,NULL,NULL),(112,112,NULL,NULL),(113,113,NULL,NULL),(114,114,NULL,NULL),(115,115,NULL,NULL),(116,116,NULL,NULL),(117,117,NULL,NULL),(118,118,NULL,NULL),(119,119,NULL,NULL),(120,120,NULL,NULL),(121,121,NULL,NULL),(122,122,NULL,NULL),(123,123,NULL,NULL),(124,124,NULL,NULL),(125,125,NULL,NULL),(126,126,NULL,NULL),(127,127,NULL,NULL),(128,128,NULL,NULL),(129,129,NULL,NULL),(130,130,NULL,NULL),(131,131,NULL,NULL),(132,132,NULL,NULL),(133,133,NULL,NULL),(134,134,NULL,NULL),(135,135,NULL,NULL),(136,136,NULL,NULL),(137,137,NULL,NULL),(138,138,NULL,NULL),(139,139,NULL,NULL),(140,140,NULL,NULL),(141,141,NULL,NULL),(142,142,NULL,NULL),(143,143,NULL,NULL),(144,144,NULL,NULL),(145,145,NULL,NULL),(146,146,NULL,NULL),(147,147,NULL,NULL),(148,148,NULL,NULL),(149,149,NULL,NULL),(150,150,NULL,NULL),(151,151,NULL,NULL),(152,152,NULL,NULL),(153,153,NULL,NULL),(154,154,NULL,NULL),(155,155,NULL,NULL),(156,156,NULL,NULL),(157,157,NULL,NULL),(158,158,NULL,NULL),(159,159,NULL,NULL),(160,160,NULL,NULL),(161,161,NULL,NULL),(162,162,NULL,NULL),(163,163,NULL,NULL),(164,164,NULL,NULL),(165,165,NULL,NULL),(166,166,NULL,NULL),(167,167,NULL,NULL),(168,168,NULL,NULL),(169,169,NULL,NULL),(170,170,NULL,NULL),(171,171,NULL,NULL),(172,172,NULL,NULL),(173,173,NULL,NULL),(174,174,NULL,NULL),(175,175,NULL,NULL),(176,176,NULL,NULL),(177,177,NULL,NULL),(178,178,NULL,NULL),(179,179,NULL,NULL),(180,180,NULL,NULL),(181,181,NULL,NULL),(182,182,NULL,NULL),(183,183,NULL,NULL),(184,184,NULL,NULL),(185,185,NULL,NULL),(186,186,NULL,NULL),(187,187,NULL,NULL),(188,188,NULL,NULL),(189,189,NULL,NULL),(190,190,NULL,NULL),(191,191,NULL,NULL),(192,192,NULL,NULL),(193,193,NULL,NULL),(194,194,NULL,NULL),(195,195,NULL,NULL),(196,196,NULL,NULL),(197,197,NULL,NULL),(198,198,NULL,NULL),(199,199,NULL,NULL),(200,200,NULL,NULL),(201,201,NULL,NULL),(202,202,NULL,NULL),(203,203,NULL,NULL),(204,204,NULL,NULL),(205,205,NULL,NULL),(206,206,NULL,NULL),(207,207,NULL,NULL),(208,208,NULL,NULL),(209,209,NULL,NULL),(210,210,NULL,NULL),(211,211,NULL,NULL),(212,212,NULL,NULL),(213,213,NULL,NULL),(214,214,NULL,NULL),(215,215,NULL,NULL),(216,216,NULL,NULL),(217,217,NULL,NULL),(218,218,NULL,NULL),(219,219,NULL,NULL),(220,220,NULL,NULL),(221,221,NULL,NULL),(222,222,NULL,NULL),(223,223,NULL,NULL),(224,224,NULL,NULL),(225,225,NULL,NULL),(226,226,NULL,NULL),(227,227,NULL,NULL),(228,228,NULL,NULL),(229,229,NULL,NULL),(230,230,NULL,NULL),(231,231,NULL,NULL),(232,232,NULL,NULL),(233,233,NULL,NULL),(234,234,NULL,NULL),(235,235,NULL,NULL),(236,236,NULL,NULL),(237,237,NULL,NULL),(238,238,NULL,NULL),(239,239,NULL,NULL),(240,240,NULL,NULL),(241,241,NULL,NULL),(242,242,NULL,NULL),(243,243,NULL,NULL),(244,244,NULL,NULL),(245,245,NULL,NULL),(246,246,NULL,NULL),(247,247,NULL,NULL),(248,248,NULL,NULL),(249,249,NULL,NULL),(250,250,NULL,NULL),(251,251,NULL,NULL),(252,252,NULL,NULL),(253,253,NULL,NULL),(254,254,NULL,NULL),(255,255,NULL,NULL),(256,256,NULL,NULL),(257,257,NULL,NULL),(258,258,NULL,NULL),(259,259,NULL,NULL),(260,260,NULL,NULL),(261,261,NULL,NULL),(262,262,NULL,NULL),(263,263,NULL,NULL),(264,264,NULL,NULL),(265,265,NULL,NULL),(266,266,NULL,NULL),(267,267,NULL,NULL),(268,268,NULL,NULL),(269,269,NULL,NULL),(270,270,NULL,NULL),(271,271,NULL,NULL),(272,272,NULL,NULL),(273,273,NULL,NULL),(274,274,NULL,NULL),(275,275,NULL,NULL),(276,276,NULL,NULL),(277,277,NULL,NULL),(278,278,NULL,NULL),(279,279,NULL,NULL),(280,280,NULL,NULL),(281,281,NULL,NULL),(282,282,NULL,NULL),(283,283,NULL,NULL),(284,284,NULL,NULL),(285,285,NULL,NULL),(286,286,NULL,NULL),(287,287,NULL,NULL),(288,288,NULL,NULL),(289,289,NULL,NULL),(290,290,NULL,NULL),(291,291,NULL,NULL),(292,292,NULL,NULL),(293,293,NULL,NULL),(294,294,NULL,NULL),(295,295,NULL,NULL),(296,296,NULL,NULL),(297,297,NULL,NULL),(298,298,NULL,NULL),(299,299,NULL,NULL),(300,300,NULL,NULL),(301,301,NULL,NULL),(302,302,NULL,NULL),(303,303,NULL,NULL),(304,304,NULL,NULL),(305,305,NULL,NULL),(306,306,NULL,NULL),(307,307,NULL,NULL),(308,308,NULL,NULL),(309,309,NULL,NULL),(310,310,NULL,NULL),(311,311,NULL,NULL),(312,312,NULL,NULL),(313,313,NULL,NULL),(314,314,NULL,NULL),(315,315,NULL,NULL),(316,316,NULL,NULL),(317,317,NULL,NULL),(318,318,NULL,NULL),(319,319,NULL,NULL),(320,320,NULL,NULL),(321,321,NULL,NULL),(322,322,NULL,NULL),(323,323,NULL,NULL),(324,324,NULL,NULL),(325,325,NULL,NULL),(326,326,NULL,NULL),(327,327,NULL,NULL),(328,328,NULL,NULL),(329,329,NULL,NULL),(330,330,NULL,NULL),(331,331,NULL,NULL),(332,332,NULL,NULL),(333,333,NULL,NULL),(334,334,NULL,NULL),(335,335,NULL,NULL),(336,336,NULL,NULL),(337,337,NULL,NULL),(338,338,NULL,NULL),(339,339,NULL,NULL),(340,340,NULL,NULL),(341,341,NULL,NULL),(342,342,NULL,NULL),(343,343,NULL,NULL),(344,344,NULL,NULL),(345,345,NULL,NULL),(346,346,NULL,NULL),(347,347,NULL,NULL),(348,348,NULL,NULL),(349,349,NULL,NULL),(350,350,NULL,NULL),(351,351,NULL,NULL),(352,352,NULL,NULL),(353,353,NULL,NULL),(354,354,NULL,NULL),(355,355,NULL,NULL),(356,356,NULL,NULL),(357,357,NULL,NULL),(358,358,NULL,NULL),(359,359,NULL,NULL),(360,360,NULL,NULL),(361,361,NULL,NULL),(362,362,NULL,NULL),(363,363,NULL,NULL),(364,364,NULL,NULL),(365,365,NULL,NULL),(366,366,NULL,NULL),(367,367,NULL,NULL),(368,368,NULL,NULL),(369,369,NULL,NULL),(370,370,NULL,NULL),(371,371,NULL,NULL),(372,372,NULL,NULL),(373,373,NULL,NULL),(374,374,NULL,NULL),(375,375,NULL,NULL),(376,376,NULL,NULL),(377,377,NULL,NULL),(378,378,NULL,NULL),(379,379,NULL,NULL),(380,380,NULL,NULL),(381,381,NULL,NULL),(382,382,NULL,NULL),(383,383,NULL,NULL),(384,384,NULL,NULL),(385,385,NULL,NULL),(386,386,NULL,NULL),(387,387,NULL,NULL),(388,388,NULL,NULL),(389,389,NULL,NULL),(390,390,NULL,NULL),(391,391,NULL,NULL),(392,392,NULL,NULL),(393,393,NULL,NULL),(394,394,NULL,NULL),(395,395,NULL,NULL),(396,396,NULL,NULL),(397,397,NULL,NULL),(398,398,NULL,NULL),(399,399,NULL,NULL),(400,400,NULL,NULL),(401,401,NULL,NULL),(402,402,NULL,NULL),(403,403,NULL,NULL),(404,404,NULL,NULL),(405,405,NULL,NULL),(406,406,NULL,NULL),(407,407,NULL,NULL),(408,408,NULL,NULL),(409,409,NULL,NULL),(410,410,NULL,NULL),(411,411,NULL,NULL),(412,412,NULL,NULL),(413,413,NULL,NULL),(414,414,NULL,NULL),(415,415,NULL,NULL),(416,416,NULL,NULL),(417,417,NULL,NULL),(418,418,NULL,NULL),(419,419,NULL,NULL),(420,420,NULL,NULL),(421,421,NULL,NULL),(422,422,NULL,NULL),(423,423,NULL,NULL),(424,424,NULL,NULL),(425,425,NULL,NULL),(426,426,NULL,NULL),(427,427,NULL,NULL),(428,428,NULL,NULL),(429,429,NULL,NULL),(430,430,NULL,NULL),(431,431,NULL,NULL),(432,432,NULL,NULL),(433,433,NULL,NULL),(434,434,NULL,NULL),(435,435,NULL,NULL),(436,436,NULL,NULL),(437,437,NULL,NULL),(438,438,NULL,NULL),(439,439,NULL,NULL),(440,440,NULL,NULL),(441,441,NULL,NULL),(442,442,NULL,NULL),(443,443,NULL,NULL),(444,444,NULL,NULL),(445,445,NULL,NULL),(446,446,NULL,NULL),(447,447,NULL,NULL),(448,448,NULL,NULL),(449,449,NULL,NULL),(450,450,NULL,NULL),(451,451,NULL,NULL),(452,452,NULL,NULL),(453,453,NULL,NULL),(454,454,NULL,NULL),(455,455,NULL,NULL),(456,456,NULL,NULL),(457,457,NULL,NULL),(458,458,NULL,NULL),(459,459,NULL,NULL),(460,460,NULL,NULL),(461,461,NULL,NULL),(462,462,NULL,NULL),(463,463,NULL,NULL),(464,464,NULL,NULL),(465,465,NULL,NULL),(466,466,NULL,NULL),(467,467,NULL,NULL),(468,468,NULL,NULL),(469,469,NULL,NULL),(470,470,NULL,NULL),(471,471,NULL,NULL),(472,472,NULL,NULL),(473,473,NULL,NULL),(474,474,NULL,NULL),(475,475,NULL,NULL),(476,476,NULL,NULL),(477,477,NULL,NULL),(478,478,NULL,NULL),(479,479,NULL,NULL),(480,480,NULL,NULL),(481,481,NULL,NULL),(482,482,NULL,NULL),(483,483,NULL,NULL),(484,484,NULL,NULL),(485,485,NULL,NULL),(486,486,NULL,NULL),(487,487,NULL,NULL),(488,488,NULL,NULL),(489,489,NULL,NULL),(490,490,NULL,NULL),(491,491,NULL,NULL),(492,492,NULL,NULL),(493,493,NULL,NULL),(494,494,NULL,NULL),(495,495,NULL,NULL),(496,496,NULL,NULL),(497,497,NULL,NULL),(498,498,NULL,NULL),(499,499,NULL,NULL),(500,500,NULL,NULL),(501,501,NULL,NULL),(502,502,NULL,NULL),(503,503,NULL,NULL),(504,504,NULL,NULL),(505,505,NULL,NULL),(506,506,NULL,NULL),(507,507,NULL,NULL),(508,508,NULL,NULL),(509,509,NULL,NULL),(510,510,NULL,NULL),(511,511,NULL,NULL),(512,512,NULL,NULL),(513,513,NULL,NULL),(514,514,NULL,NULL),(515,515,NULL,NULL),(516,516,NULL,NULL),(517,517,NULL,NULL),(518,518,NULL,NULL),(519,519,NULL,NULL),(520,520,NULL,NULL),(521,521,NULL,NULL),(522,522,NULL,NULL),(523,523,NULL,NULL),(524,524,NULL,NULL),(525,525,NULL,NULL),(526,526,NULL,NULL),(527,527,NULL,NULL),(528,528,NULL,NULL),(529,529,NULL,NULL),(530,530,NULL,NULL),(531,531,NULL,NULL),(532,532,NULL,NULL),(533,533,NULL,NULL),(534,534,NULL,NULL),(535,535,NULL,NULL),(536,536,NULL,NULL),(537,537,NULL,NULL),(538,538,NULL,NULL),(539,539,NULL,NULL),(540,540,NULL,NULL),(541,541,NULL,NULL),(542,542,NULL,NULL),(543,543,NULL,NULL),(544,544,NULL,NULL),(545,545,NULL,NULL),(546,546,NULL,NULL),(547,547,NULL,NULL),(548,548,NULL,NULL),(549,549,NULL,NULL),(550,550,NULL,NULL),(551,551,NULL,NULL),(552,552,NULL,NULL),(553,553,NULL,NULL),(554,554,NULL,NULL),(555,555,NULL,NULL),(556,556,NULL,NULL),(557,557,NULL,NULL),(558,558,NULL,NULL),(559,559,NULL,NULL),(560,560,NULL,NULL),(561,561,NULL,NULL),(562,562,NULL,NULL),(563,563,NULL,NULL),(564,564,NULL,NULL),(565,565,NULL,NULL),(566,566,NULL,NULL),(567,567,NULL,NULL),(568,568,NULL,NULL),(569,569,NULL,NULL),(570,570,NULL,NULL),(571,571,NULL,NULL),(572,572,NULL,NULL),(573,573,NULL,NULL),(574,574,NULL,NULL),(575,575,NULL,NULL),(576,576,NULL,NULL),(577,577,NULL,NULL),(578,578,NULL,NULL),(579,579,NULL,NULL),(580,580,NULL,NULL),(581,581,NULL,NULL),(582,582,NULL,NULL),(583,583,NULL,NULL),(584,584,NULL,NULL),(585,585,NULL,NULL),(586,586,NULL,NULL),(587,587,NULL,NULL),(588,588,NULL,NULL),(589,589,NULL,NULL),(590,590,NULL,NULL),(591,591,NULL,NULL),(592,592,NULL,NULL),(593,593,NULL,NULL),(594,594,NULL,NULL),(595,595,NULL,NULL),(596,596,NULL,NULL),(597,597,NULL,NULL),(598,598,NULL,NULL),(599,599,NULL,NULL),(600,600,NULL,NULL),(601,601,NULL,NULL),(602,602,NULL,NULL),(603,603,NULL,NULL),(604,604,NULL,NULL),(605,605,NULL,NULL),(606,606,NULL,NULL),(607,607,NULL,NULL),(608,608,NULL,NULL),(609,609,NULL,NULL),(610,610,NULL,NULL),(611,611,NULL,NULL),(612,612,NULL,NULL),(613,613,NULL,NULL),(614,614,NULL,NULL),(615,615,NULL,NULL),(616,616,NULL,NULL),(617,617,NULL,NULL),(618,618,NULL,NULL),(619,619,NULL,NULL),(620,620,NULL,NULL),(621,621,NULL,NULL),(622,622,NULL,NULL),(623,623,NULL,NULL),(624,624,NULL,NULL),(625,625,NULL,NULL),(626,626,NULL,NULL),(627,627,NULL,NULL),(628,628,NULL,NULL),(629,629,NULL,NULL),(630,630,NULL,NULL),(631,631,NULL,NULL),(632,632,NULL,NULL),(633,633,NULL,NULL),(634,634,NULL,NULL),(635,635,NULL,NULL),(636,636,NULL,NULL),(637,637,NULL,NULL),(638,638,NULL,NULL),(639,639,NULL,NULL),(640,640,NULL,NULL),(641,641,NULL,NULL),(642,642,NULL,NULL),(643,643,NULL,NULL),(644,644,NULL,NULL),(645,645,NULL,NULL),(646,646,NULL,NULL),(647,647,NULL,NULL),(648,648,NULL,NULL),(649,649,NULL,NULL),(650,650,NULL,NULL),(651,651,NULL,NULL),(652,652,NULL,NULL),(653,653,NULL,NULL),(654,654,NULL,NULL),(655,655,NULL,NULL),(656,656,NULL,NULL),(657,657,NULL,NULL),(658,658,NULL,NULL),(659,659,NULL,NULL),(660,660,NULL,NULL),(661,661,NULL,NULL),(662,662,NULL,NULL),(663,663,NULL,NULL),(664,664,NULL,NULL),(665,665,NULL,NULL),(666,666,NULL,NULL),(667,667,NULL,NULL),(668,668,NULL,NULL),(669,669,NULL,NULL),(670,670,NULL,NULL),(671,671,NULL,NULL),(672,672,NULL,NULL),(673,673,NULL,NULL),(674,674,NULL,NULL),(675,675,NULL,NULL),(676,676,NULL,NULL),(677,677,NULL,NULL),(678,678,NULL,NULL),(679,679,NULL,NULL),(680,680,NULL,NULL),(681,681,NULL,NULL),(682,682,NULL,NULL),(683,683,NULL,NULL),(684,684,NULL,NULL),(685,685,NULL,NULL),(686,686,NULL,NULL),(687,687,NULL,NULL),(688,688,NULL,NULL),(689,689,NULL,NULL),(690,690,NULL,NULL),(691,691,NULL,NULL),(692,692,NULL,NULL),(693,693,NULL,NULL),(694,694,NULL,NULL),(695,695,NULL,NULL),(696,696,NULL,NULL),(697,697,NULL,NULL),(698,698,NULL,NULL),(699,699,NULL,NULL),(700,700,NULL,NULL),(701,701,NULL,NULL),(702,702,NULL,NULL),(703,703,NULL,NULL),(704,704,NULL,NULL),(705,705,NULL,NULL),(706,706,NULL,NULL),(707,707,NULL,NULL),(708,708,NULL,NULL),(709,709,NULL,NULL),(710,710,NULL,NULL),(711,711,NULL,NULL),(712,712,NULL,NULL),(713,713,NULL,NULL),(714,714,NULL,NULL),(715,715,NULL,NULL),(716,716,NULL,NULL),(717,717,NULL,NULL),(718,718,NULL,NULL),(719,719,NULL,NULL),(720,720,NULL,NULL),(721,721,NULL,NULL),(722,722,NULL,NULL),(723,723,NULL,NULL),(724,724,NULL,NULL),(725,725,NULL,NULL),(726,726,NULL,NULL),(727,727,NULL,NULL),(728,728,NULL,NULL),(729,729,NULL,NULL),(730,730,NULL,NULL),(731,731,NULL,NULL),(732,732,NULL,NULL),(733,733,NULL,NULL),(734,734,NULL,NULL),(735,735,NULL,NULL),(736,736,NULL,NULL),(737,737,NULL,NULL),(738,738,NULL,NULL),(739,739,NULL,NULL),(740,740,NULL,NULL),(741,741,NULL,NULL),(742,742,NULL,NULL),(743,743,NULL,NULL),(744,744,NULL,NULL),(745,745,NULL,NULL),(746,746,NULL,NULL),(747,747,NULL,NULL),(748,748,NULL,NULL),(749,749,NULL,NULL),(750,750,NULL,NULL),(751,751,NULL,NULL),(752,752,NULL,NULL),(753,753,NULL,NULL),(754,754,NULL,NULL),(755,755,NULL,NULL),(756,756,NULL,NULL),(757,757,NULL,NULL),(758,758,NULL,NULL),(759,759,NULL,NULL),(760,760,NULL,NULL),(761,761,NULL,NULL),(762,762,NULL,NULL),(763,763,NULL,NULL),(764,764,NULL,NULL),(765,765,NULL,NULL),(766,766,NULL,NULL),(767,767,NULL,NULL),(768,768,NULL,NULL),(769,769,NULL,NULL),(770,770,NULL,NULL),(771,771,NULL,NULL),(772,772,NULL,NULL),(773,773,NULL,NULL),(774,774,NULL,NULL),(775,775,NULL,NULL),(776,776,NULL,NULL),(777,777,NULL,NULL),(778,778,NULL,NULL),(779,779,NULL,NULL),(780,780,NULL,NULL),(781,781,NULL,NULL),(782,782,NULL,NULL),(783,783,NULL,NULL),(784,784,NULL,NULL),(785,785,NULL,NULL),(786,786,NULL,NULL),(787,787,NULL,NULL),(788,788,NULL,NULL),(789,789,NULL,NULL),(790,790,NULL,NULL),(791,791,NULL,NULL),(792,792,NULL,NULL),(793,793,NULL,NULL),(794,794,NULL,NULL),(795,795,NULL,NULL),(796,796,NULL,NULL),(797,797,NULL,NULL),(798,798,NULL,NULL),(799,799,NULL,NULL),(800,800,NULL,NULL),(801,801,NULL,NULL),(802,802,NULL,NULL),(803,803,NULL,NULL),(804,804,NULL,NULL),(805,805,NULL,NULL),(806,806,NULL,NULL),(807,807,NULL,NULL),(808,808,NULL,NULL),(809,809,NULL,NULL),(810,810,NULL,NULL),(811,811,NULL,NULL),(812,812,NULL,NULL),(813,813,NULL,NULL),(814,814,NULL,NULL),(815,815,NULL,NULL),(816,816,NULL,NULL),(817,817,NULL,NULL),(818,818,NULL,NULL),(819,819,NULL,NULL),(820,820,NULL,NULL),(821,821,NULL,NULL),(822,822,NULL,NULL),(823,823,NULL,NULL),(824,824,NULL,NULL),(825,825,NULL,NULL),(826,826,NULL,NULL),(827,827,NULL,NULL),(828,828,NULL,NULL),(829,829,NULL,NULL),(830,830,NULL,NULL),(831,831,NULL,NULL),(832,832,NULL,NULL),(833,833,NULL,NULL),(834,834,NULL,NULL),(835,835,NULL,NULL),(836,836,NULL,NULL),(837,837,NULL,NULL),(838,838,NULL,NULL),(839,839,NULL,NULL),(840,840,NULL,NULL),(841,841,NULL,NULL),(842,842,NULL,NULL),(843,843,NULL,NULL),(844,844,NULL,NULL),(845,845,NULL,NULL),(846,846,NULL,NULL),(847,847,NULL,NULL),(848,848,NULL,NULL),(849,849,NULL,NULL),(850,850,NULL,NULL),(851,851,NULL,NULL),(852,852,NULL,NULL),(853,853,NULL,NULL),(854,854,NULL,NULL),(855,855,NULL,NULL),(856,856,NULL,NULL),(857,857,NULL,NULL),(858,858,NULL,NULL),(859,859,NULL,NULL),(860,860,NULL,NULL),(861,861,NULL,NULL),(862,862,NULL,NULL),(863,863,NULL,NULL),(864,864,NULL,NULL),(865,865,NULL,NULL),(866,866,NULL,NULL),(867,867,NULL,NULL),(868,868,NULL,NULL),(869,869,NULL,NULL),(870,870,NULL,NULL),(871,871,NULL,NULL),(872,872,NULL,NULL),(873,873,NULL,NULL),(874,874,NULL,NULL),(875,875,NULL,NULL),(876,876,NULL,NULL),(877,877,NULL,NULL),(878,878,NULL,NULL),(879,879,NULL,NULL),(880,880,NULL,NULL),(881,881,NULL,NULL),(882,882,NULL,NULL),(883,883,NULL,NULL),(884,884,NULL,NULL),(885,885,NULL,NULL),(886,886,NULL,NULL),(887,887,NULL,NULL),(888,888,NULL,NULL),(889,889,NULL,NULL),(890,890,NULL,NULL),(891,891,NULL,NULL),(892,892,NULL,NULL),(893,893,NULL,NULL),(894,894,NULL,NULL),(895,895,NULL,NULL),(896,896,NULL,NULL),(897,897,NULL,NULL),(898,898,NULL,NULL),(899,899,NULL,NULL),(900,900,NULL,NULL),(901,901,NULL,NULL),(902,902,NULL,NULL),(903,903,NULL,NULL),(904,904,NULL,NULL),(905,905,NULL,NULL),(906,906,NULL,NULL),(907,907,NULL,NULL),(908,908,NULL,NULL),(909,909,NULL,NULL),(910,910,NULL,NULL),(911,911,NULL,NULL),(912,912,NULL,NULL),(913,913,NULL,NULL),(914,914,NULL,NULL),(915,915,NULL,NULL),(916,916,NULL,NULL),(917,917,NULL,NULL),(918,918,NULL,NULL),(919,919,NULL,NULL),(920,920,NULL,NULL),(921,921,NULL,NULL),(922,922,NULL,NULL),(923,923,NULL,NULL),(924,924,NULL,NULL),(925,925,NULL,NULL),(926,926,NULL,NULL),(927,927,NULL,NULL),(928,928,NULL,NULL),(929,929,NULL,NULL),(930,930,NULL,NULL),(931,931,NULL,NULL),(932,932,NULL,NULL),(933,933,NULL,NULL),(934,934,NULL,NULL),(935,935,NULL,NULL),(936,936,NULL,NULL),(937,937,NULL,NULL),(938,938,NULL,NULL),(939,939,NULL,NULL),(940,940,NULL,NULL),(941,941,NULL,NULL),(942,942,NULL,NULL),(943,943,NULL,NULL),(944,944,NULL,NULL),(945,945,NULL,NULL),(946,946,NULL,NULL),(947,947,NULL,NULL),(948,948,NULL,NULL),(949,949,NULL,NULL),(950,950,NULL,NULL),(951,951,NULL,NULL),(952,952,NULL,NULL),(953,953,NULL,NULL),(954,954,NULL,NULL),(955,955,NULL,NULL),(956,956,NULL,NULL),(957,957,NULL,NULL),(958,958,NULL,NULL),(959,959,NULL,NULL),(960,960,NULL,NULL),(961,961,NULL,NULL),(962,962,NULL,NULL),(963,963,NULL,NULL),(964,964,NULL,NULL),(965,965,NULL,NULL),(966,966,NULL,NULL),(967,967,NULL,NULL),(968,968,NULL,NULL),(969,969,NULL,NULL),(970,970,NULL,NULL),(971,971,NULL,NULL),(972,972,NULL,NULL),(973,973,NULL,NULL),(974,974,NULL,NULL),(975,975,NULL,NULL),(976,976,NULL,NULL),(977,977,NULL,NULL),(978,978,NULL,NULL),(979,979,NULL,NULL),(980,980,NULL,NULL),(981,981,NULL,NULL),(982,982,NULL,NULL),(983,983,NULL,NULL),(984,984,NULL,NULL),(985,985,NULL,NULL),(986,986,NULL,NULL),(987,987,NULL,NULL),(988,988,NULL,NULL),(989,989,NULL,NULL),(990,990,NULL,NULL),(991,991,NULL,NULL),(992,992,NULL,NULL),(993,993,NULL,NULL),(994,994,NULL,NULL),(995,995,NULL,NULL),(996,996,NULL,NULL),(997,997,NULL,NULL),(998,998,NULL,NULL),(999,999,NULL,NULL),(1000,1000,NULL,NULL),(1001,1001,NULL,NULL),(1002,1002,NULL,NULL),(1003,1003,NULL,NULL),(1004,1004,NULL,NULL),(1005,1005,NULL,NULL),(1006,1006,NULL,NULL),(1007,1007,NULL,NULL),(1008,1008,NULL,NULL),(1009,1009,NULL,NULL),(1010,1010,NULL,NULL),(1011,1011,NULL,NULL),(1012,1012,NULL,NULL),(1013,1013,NULL,NULL),(1014,1014,NULL,NULL),(1015,1015,NULL,NULL),(1016,1016,NULL,NULL),(1017,1017,NULL,NULL),(1018,1018,NULL,NULL),(1019,1019,NULL,NULL),(1020,1020,NULL,NULL),(1021,1021,NULL,NULL),(1022,1022,NULL,NULL),(1023,1023,NULL,NULL),(1024,1024,NULL,NULL),(1025,1025,NULL,NULL),(1026,1026,NULL,NULL),(1027,1027,NULL,NULL),(1028,1028,NULL,NULL),(1029,1029,NULL,NULL),(1030,1030,NULL,NULL),(1031,1031,NULL,NULL),(1032,1032,NULL,NULL),(1033,1033,NULL,NULL),(1034,1034,NULL,NULL),(1035,1035,NULL,NULL),(1036,1036,NULL,NULL),(1037,1037,NULL,NULL),(1038,1038,NULL,NULL),(1039,1039,NULL,NULL),(1040,1040,NULL,NULL),(1041,1041,NULL,NULL),(1042,1042,NULL,NULL),(1043,1043,NULL,NULL),(1044,1044,NULL,NULL),(1045,1045,NULL,NULL),(1046,1046,NULL,NULL),(1047,1047,NULL,NULL),(1048,1048,NULL,NULL),(1049,1049,NULL,NULL),(1050,1050,NULL,NULL),(1051,1051,NULL,NULL),(1052,1052,NULL,NULL),(1053,1053,NULL,NULL),(1054,1054,NULL,NULL),(1055,1055,NULL,NULL),(1056,1056,NULL,NULL),(1057,1057,NULL,NULL),(1058,1058,NULL,NULL),(1059,1059,NULL,NULL),(1060,1060,NULL,NULL),(1061,1061,NULL,NULL),(1062,1062,NULL,NULL),(1063,1063,NULL,NULL),(1064,1064,NULL,NULL),(1065,1065,NULL,NULL),(1066,1066,NULL,NULL),(1067,1067,NULL,NULL),(1068,1068,NULL,NULL),(1069,1069,NULL,NULL),(1070,1070,NULL,NULL),(1071,1071,NULL,NULL),(1072,1072,NULL,NULL),(1073,1073,NULL,NULL),(1074,1074,NULL,NULL),(1075,1075,NULL,NULL),(1076,1076,NULL,NULL),(1077,1077,NULL,NULL),(1078,1078,NULL,NULL),(1079,1079,NULL,NULL),(1080,1080,NULL,NULL),(1081,1081,NULL,NULL),(1082,1082,NULL,NULL),(1083,1083,NULL,NULL),(1084,1084,NULL,NULL),(1085,1085,NULL,NULL),(1086,1086,NULL,NULL),(1087,1087,NULL,NULL),(1088,1088,NULL,NULL),(1089,1089,NULL,NULL),(1090,1090,NULL,NULL),(1091,1091,NULL,NULL),(1092,1092,NULL,NULL),(1093,1093,NULL,NULL),(1094,1094,NULL,NULL),(1095,1095,NULL,NULL),(1096,1096,NULL,NULL),(1097,1097,NULL,NULL),(1098,1098,NULL,NULL),(1099,1099,NULL,NULL),(1100,1100,NULL,NULL),(1101,1101,NULL,NULL),(1102,1102,NULL,NULL),(1103,1103,NULL,NULL),(1104,1104,NULL,NULL),(1105,1105,NULL,NULL),(1106,1106,NULL,NULL),(1107,1107,NULL,NULL),(1108,1108,NULL,NULL),(1109,1109,NULL,NULL),(1110,1110,NULL,NULL),(1111,1111,NULL,NULL),(1112,1112,NULL,NULL),(1113,1113,NULL,NULL),(1114,1114,NULL,NULL),(1115,1115,NULL,NULL),(1116,1116,NULL,NULL),(1117,1117,NULL,NULL),(1118,1118,NULL,NULL),(1119,1119,NULL,NULL),(1120,1120,NULL,NULL),(1121,1121,NULL,NULL),(1122,1122,NULL,NULL),(1123,1123,NULL,NULL),(1124,1124,NULL,NULL),(1125,1125,NULL,NULL),(1126,1126,NULL,NULL),(1127,1127,NULL,NULL),(1128,1128,NULL,NULL),(1129,1129,NULL,NULL),(1130,1130,NULL,NULL),(1131,1131,NULL,NULL),(1132,1132,NULL,NULL),(1133,1133,NULL,NULL),(1134,1134,NULL,NULL),(1135,1135,NULL,NULL),(1136,1136,NULL,NULL),(1137,1137,NULL,NULL),(1138,1138,NULL,NULL),(1139,1139,NULL,NULL),(1140,1140,NULL,NULL),(1141,1141,20198778,'SIVONO1A'),(1142,1142,20198778,'SIVONO2A'),(1143,1143,20198778,'SIVONO3A'),(1144,1144,20198778,'SIVONO4A'),(1145,1145,20198778,'SIVONO5A'),(1146,1146,20198778,'SIVONO6A'),(1147,1147,20198778,'SIVONO7A'),(1148,1148,20198778,'SIVONO8A'),(1149,1149,20532190,'CCOVONO1A'),(1150,1150,20532190,'CCOVONO2A'),(1151,1151,20532190,'CCOVONO3A'),(1152,1152,20532190,'CCOVONO4A'),(1153,1153,20532190,'CCOVONO5A'),(1154,1154,20532190,'CCOVONO6A'),(1155,1155,20532190,'CCOVONO7A'),(1156,1156,20532190,'CCOVONO8A');
/*!40000 ALTER TABLE `aluno_curso` ENABLE KEYS */;
UNLOCK TABLES;

--
-- Table structure for table `curso`
--

DROP TABLE IF EXISTS `curso`;
/*!40101 SET @saved_cs_client     = @@character_set_client */;
/*!40101 SET character_set_client = utf8 */;
CREATE TABLE `curso` (
  `id` int(11) NOT NULL,
  `nome` varchar(45) NOT NULL,
  `descricao` varchar(45) DEFAULT NULL,
  `id_semestre` int(11) NOT NULL,
  PRIMARY KEY (`id`)
) ENGINE=InnoDB DEFAULT CHARSET=latin1;
/*!40101 SET character_set_client = @saved_cs_client */;

--
-- Dumping data for table `curso`
--

LOCK TABLES `curso` WRITE;
/*!40000 ALTER TABLE `curso` DISABLE KEYS */;
INSERT INTO `curso` VALUES (1,'CIÊNCIA DA COMPUTAÇÃO','CCOMP2N06A',6),(2,'CIÊNCIA DA COMPUTAÇÃO','CCOMPAM02A',2),(3,'CIÊNCIA DA COMPUTAÇÃO','CCOMP2N08A',8),(4,'CIÊNCIA DA COMPUTAÇÃO','CCOMPAM03A',3),(5,'CIÊNCIA DA COMPUTAÇÃO','CCOMP2N06A',6),(6,'CIÊNCIA DA COMPUTAÇÃO','CCOMVON02A',2),(7,'CIÊNCIA DA COMPUTAÇÃO','CCOMVON04A',4),(8,'CIÊNCIA DA COMPUTAÇÃO','CCOMP2N08A',8),(9,'CIÊNCIA DA COMPUTAÇÃO','CCOMP2N04A',4),(10,'CIÊNCIA DA COMPUTAÇÃO','CCOMP2N07A',7),(11,'CIÊNCIA DA COMPUTAÇÃO','CCOMP2N04A',4),(12,'CIÊNCIA DA COMPUTAÇÃO','CCOMP2N08A',8),(13,'CIÊNCIA DA COMPUTAÇÃO','CCOMVON06A',6),(14,'CIÊNCIA DA COMPUTAÇÃO','CCOMPAM06A',6),(15,'CIÊNCIA DA COMPUTAÇÃO','CCOMVON04A',4),(16,'CIÊNCIA DA COMPUTAÇÃO','ASSIGNAR',8),(17,'CIÊNCIA DA COMPUTAÇÃO','CCOMP2N07A',7),(18,'CIÊNCIA DA COMPUTAÇÃO','CCOMPAM02A',2),(19,'CIÊNCIA DA COMPUTAÇÃO','CCOMP2N07A',7),(20,'CIÊNCIA DA COMPUTAÇÃO','CCOMPAM03A',3),(21,'CIÊNCIA DA COMPUTAÇÃO','CCOMVON01A',1),(22,'CIÊNCIA DA COMPUTAÇÃO','CCOMP2N04A',4),(23,'CIÊNCIA DA COMPUTAÇÃO','CCOMPAM04A',4),(24,'CIÊNCIA DA COMPUTAÇÃO','CCOMVON08A',8),(25,'CIÊNCIA DA COMPUTAÇÃO','CCOMP2N06A',6),(26,'CIÊNCIA DA COMPUTAÇÃO','CCOMPAM03A',3),(27,'CIÊNCIA DA COMPUTAÇÃO','CCOMPAM02A',2),(28,'CIÊNCIA DA COMPUTAÇÃO','CCOMPAM02A',2),(29,'CIÊNCIA DA COMPUTAÇÃO','CCOMVON04A',4),(30,'CIÊNCIA DA COMPUTAÇÃO','CCOMVON04A',3),(31,'CIÊNCIA DA COMPUTAÇÃO','CCOMP2N02A',2),(32,'CIÊNCIA DA COMPUTAÇÃO','CCOMP2N06A',6),(33,'CIÊNCIA DA COMPUTAÇÃO','CCOMP2N01A',1),(34,'CIÊNCIA DA COMPUTAÇÃO','CCOMP2N02A',2),(35,'CIÊNCIA DA COMPUTAÇÃO','CCOMVON04A',4),(36,'CIÊNCIA DA COMPUTAÇÃO','CCOMVON06A',6),(37,'CIÊNCIA DA COMPUTAÇÃO','CCOMP2N01A',1),(38,'CIÊNCIA DA COMPUTAÇÃO','CCOMP2N04A',4),(39,'CIÊNCIA DA COMPUTAÇÃO','CCOMP2N04A',4),(40,'CIÊNCIA DA COMPUTAÇÃO','CCOMVON04A',4),(41,'CIÊNCIA DA COMPUTAÇÃO','CCOMVON02A',2),(42,'CIÊNCIA DA COMPUTAÇÃO','CCOMVON01A',1),(43,'CIÊNCIA DA COMPUTAÇÃO','CCOMPAM02A',2),(44,'CIÊNCIA DA COMPUTAÇÃO','CCOMP2N08A',8),(45,'CIÊNCIA DA COMPUTAÇÃO','CCOMP2N06A',6),(46,'CIÊNCIA DA COMPUTAÇÃO','CCOMP2N04A',4),(47,'CIÊNCIA DA COMPUTAÇÃO','CCOMVON06A',6),(48,'CIÊNCIA DA COMPUTAÇÃO','CCOMPAM06A',6),(49,'CIÊNCIA DA COMPUTAÇÃO','CCOMP2N04A',4),(50,'CIÊNCIA DA COMPUTAÇÃO','CCOMP2N04A',4),(51,'CIÊNCIA DA COMPUTAÇÃO','CCOMVON01A',1),(52,'CIÊNCIA DA COMPUTAÇÃO','CCOMP2N02A',2),(53,'CIÊNCIA DA COMPUTAÇÃO','CCOMVON02A',2),(54,'CIÊNCIA DA COMPUTAÇÃO','CCOMP2N01A',1),(55,'CIÊNCIA DA COMPUTAÇÃO','CCOMVON01A',1),(56,'CIÊNCIA DA COMPUTAÇÃO','CCOMP2N04A',4),(57,'CIÊNCIA DA COMPUTAÇÃO','CCOMP2N01A',1),(58,'CIÊNCIA DA COMPUTAÇÃO','CCOMP2N04A',4),(59,'CIÊNCIA DA COMPUTAÇÃO','CCOMPAM03A',3),(60,'CIÊNCIA DA COMPUTAÇÃO','CCOMP2N04A',4),(61,'CIÊNCIA DA COMPUTAÇÃO','CCOMP2N04A',4),(62,'CIÊNCIA DA COMPUTAÇÃO','CCOMP2N02A',2),(63,'CIÊNCIA DA COMPUTAÇÃO','CCOMVON08A',8),(64,'CIÊNCIA DA COMPUTAÇÃO','ASSIGNAR',8),(65,'CIÊNCIA DA COMPUTAÇÃO','CCOMP2N02A',2),(66,'CIÊNCIA DA COMPUTAÇÃO','CCOMPAM03A',3),(67,'CIÊNCIA DA COMPUTAÇÃO','CCOMVON02A',2),(68,'CIÊNCIA DA COMPUTAÇÃO','CCOMVON08A',8),(69,'CIÊNCIA DA COMPUTAÇÃO','CCOMVON08A',8),(70,'CIÊNCIA DA COMPUTAÇÃO','CCOMPAM01A',1),(71,'CIÊNCIA DA COMPUTAÇÃO','CCOMPAM01A',1),(72,'CIÊNCIA DA COMPUTAÇÃO','CCOMP2N01A',1),(73,'CIÊNCIA DA COMPUTAÇÃO','CCOMPAM04A',4),(74,'CIÊNCIA DA COMPUTAÇÃO','CCOMPAM03A',3),(75,'CIÊNCIA DA COMPUTAÇÃO','CCOMPAM01A',1),(76,'CIÊNCIA DA COMPUTAÇÃO','CCOMP2N04A',4),(77,'CIÊNCIA DA COMPUTAÇÃO','CCOMP2N04A',4),(78,'CIÊNCIA DA COMPUTAÇÃO','CCOMP2N02A',2),(79,'CIÊNCIA DA COMPUTAÇÃO','CCOMVON04A',4),(80,'CIÊNCIA DA COMPUTAÇÃO','CCOMPAM06A',6),(81,'CIÊNCIA DA COMPUTAÇÃO','CCOMP2N02A',2),(82,'CIÊNCIA DA COMPUTAÇÃO','CCOMVON06A',6),(83,'CIÊNCIA DA COMPUTAÇÃO','CCOMVON04A',4),(84,'CIÊNCIA DA COMPUTAÇÃO','CCOMPAM02A',2),(85,'CIÊNCIA DA COMPUTAÇÃO','CCOMP2N04A',4),(86,'CIÊNCIA DA COMPUTAÇÃO','CCOMP2N06A',6),(87,'CIÊNCIA DA COMPUTAÇÃO','CCOMVON06A',6),(88,'CIÊNCIA DA COMPUTAÇÃO','CCOMP2N04A',4),(89,'CIÊNCIA DA COMPUTAÇÃO','CCOMPAM02A',2),(90,'CIÊNCIA DA COMPUTAÇÃO','CCOMP2N04A',4),(91,'CIÊNCIA DA COMPUTAÇÃO','CCOMP2N07A',7),(92,'CIÊNCIA DA COMPUTAÇÃO','CCOMP2N04A',4),(93,'CIÊNCIA DA COMPUTAÇÃO','CCOMVON06A',6),(94,'CIÊNCIA DA COMPUTAÇÃO','CCOMPAM02A',2),(95,'CIÊNCIA DA COMPUTAÇÃO','ASSIGNAR',8),(96,'CIÊNCIA DA COMPUTAÇÃO','CCOMPAM02A',2),(97,'CIÊNCIA DA COMPUTAÇÃO','CCOMP2N08A',8),(98,'CIÊNCIA DA COMPUTAÇÃO','ASSIGNAR',6),(99,'CIÊNCIA DA COMPUTAÇÃO','CCOMPAM01A',1),(100,'CIÊNCIA DA COMPUTAÇÃO','CCOMVON08A',8),(101,'CIÊNCIA DA COMPUTAÇÃO','CCOMVON06A',6),(102,'CIÊNCIA DA COMPUTAÇÃO','ASSIGNAR',8),(103,'CIÊNCIA DA COMPUTAÇÃO','CCOMPAM03A',3),(104,'CIÊNCIA DA COMPUTAÇÃO','CCOMP2N06A',6),(105,'CIÊNCIA DA COMPUTAÇÃO','CCOMP2N02A',2),(106,'CIÊNCIA DA COMPUTAÇÃO','CCOMPAM01A',1),(107,'CIÊNCIA DA COMPUTAÇÃO','CCOMP2N04A',4),(108,'CIÊNCIA DA COMPUTAÇÃO','CCOMVON02A',2),(109,'CIÊNCIA DA COMPUTAÇÃO','CCOMP2N02A',2),(110,'CIÊNCIA DA COMPUTAÇÃO','CCOMP2N06A',6),(111,'CIÊNCIA DA COMPUTAÇÃO','CCOMPAM04A',4),(112,'CIÊNCIA DA COMPUTAÇÃO','CCOMPAM02A',2),(113,'CIÊNCIA DA COMPUTAÇÃO','CCOMP2N04A',4),(114,'CIÊNCIA DA COMPUTAÇÃO','CCOMVON01A',1),(115,'CIÊNCIA DA COMPUTAÇÃO','CCOMVON01A',1),(116,'CIÊNCIA DA COMPUTAÇÃO','CCOMP2N06A',6),(117,'CIÊNCIA DA COMPUTAÇÃO','CCOMPAM02A',2),(118,'CIÊNCIA DA COMPUTAÇÃO','CCOMPAM02A',2),(119,'CIÊNCIA DA COMPUTAÇÃO','CCOMP2N04A',4),(120,'CIÊNCIA DA COMPUTAÇÃO','CCOMPAM03A',3),(121,'CIÊNCIA DA COMPUTAÇÃO','CCOMPAM04A',4),(122,'CIÊNCIA DA COMPUTAÇÃO','CCOMVON04A',4),(123,'CIÊNCIA DA COMPUTAÇÃO','CCOMVON04A',4),(124,'CIÊNCIA DA COMPUTAÇÃO','CCOMP2N02A',2),(125,'CIÊNCIA DA COMPUTAÇÃO','CCOMPAM06A',6),(126,'CIÊNCIA DA COMPUTAÇÃO','CCOMPAM01A',1),(127,'CIÊNCIA DA COMPUTAÇÃO','CCOMVON02A',2),(128,'CIÊNCIA DA COMPUTAÇÃO','CCOMVON08A',8),(129,'CIÊNCIA DA COMPUTAÇÃO','CCOMPAM01A',1),(130,'CIÊNCIA DA COMPUTAÇÃO','CCOMVON01A',1),(131,'CIÊNCIA DA COMPUTAÇÃO','CCOMPAM02A',2),(132,'CIÊNCIA DA COMPUTAÇÃO','CCOMP2N08A',8),(133,'CIÊNCIA DA COMPUTAÇÃO','CCOMPAM01A',1),(134,'CIÊNCIA DA COMPUTAÇÃO','CCOMP2N02A',2),(135,'CIÊNCIA DA COMPUTAÇÃO','CCOMVON02A',2),(136,'CIÊNCIA DA COMPUTAÇÃO','CCOMP2N04A',4),(137,'CIÊNCIA DA COMPUTAÇÃO','CCOMPAM04A',4),(138,'CIÊNCIA DA COMPUTAÇÃO','CCOMP2N04A',4),(139,'CIÊNCIA DA COMPUTAÇÃO','CCOMP2N07A',7),(140,'CIÊNCIA DA COMPUTAÇÃO','CCOMP2N07A',7),(141,'CIÊNCIA DA COMPUTAÇÃO','CCOMPAM02A',2),(142,'CIÊNCIA DA COMPUTAÇÃO','CCOMPAM02A',2),(143,'CIÊNCIA DA COMPUTAÇÃO','CCOMP2N02A',2),(144,'CIÊNCIA DA COMPUTAÇÃO','CCOMP2N01A',1),(145,'CIÊNCIA DA COMPUTAÇÃO','CCOMP2N02A',2),(146,'CIÊNCIA DA COMPUTAÇÃO','CCOMVON02A',2),(147,'CIÊNCIA DA COMPUTAÇÃO','CCOMPAM02A',2),(148,'CIÊNCIA DA COMPUTAÇÃO','CCOMP2N06A',6),(149,'CIÊNCIA DA COMPUTAÇÃO','CCOMVON02A',2),(150,'CIÊNCIA DA COMPUTAÇÃO','CCOMPAM02A',2),(151,'CIÊNCIA DA COMPUTAÇÃO','CCOMVON01A',1),(152,'CIÊNCIA DA COMPUTAÇÃO','CCOMVON06A',6),(153,'CIÊNCIA DA COMPUTAÇÃO','CCOMVON06A',6),(154,'CIÊNCIA DA COMPUTAÇÃO','CCOMVON02A',2),(155,'CIÊNCIA DA COMPUTAÇÃO','CCOMP2N02A',2),(156,'CIÊNCIA DA COMPUTAÇÃO','CCOMVON04A',4),(157,'CIÊNCIA DA COMPUTAÇÃO','CCOMP2N04A',4),(158,'CIÊNCIA DA COMPUTAÇÃO','CCOMVON01A',1),(159,'CIÊNCIA DA COMPUTAÇÃO','CCOMPAM02A',2),(160,'CIÊNCIA DA COMPUTAÇÃO','CCOMPAM02A',2),(161,'CIÊNCIA DA COMPUTAÇÃO','CCOMPAM02A',2),(162,'CIÊNCIA DA COMPUTAÇÃO','CCOMVON06A',6),(163,'CIÊNCIA DA COMPUTAÇÃO','CCOMP2N01A',1),(164,'CIÊNCIA DA COMPUTAÇÃO','CCOMP2N01A',1),(165,'CIÊNCIA DA COMPUTAÇÃO','ASSIGNAR',8),(166,'CIÊNCIA DA COMPUTAÇÃO','CCOMP2N01A',1),(167,'CIÊNCIA DA COMPUTAÇÃO','CCOMP2N08A',8),(168,'CIÊNCIA DA COMPUTAÇÃO','CCOMPAM02A',2),(169,'CIÊNCIA DA COMPUTAÇÃO','CCOMVON06A',6),(170,'CIÊNCIA DA COMPUTAÇÃO','CCOMVON08A',8),(171,'CIÊNCIA DA COMPUTAÇÃO','CCOMPAM02A',2),(172,'CIÊNCIA DA COMPUTAÇÃO','CCOMP2N06A',6),(173,'CIÊNCIA DA COMPUTAÇÃO','CCOMP2N02A',2),(174,'CIÊNCIA DA COMPUTAÇÃO','CCOMPAM02A',2),(175,'CIÊNCIA DA COMPUTAÇÃO','CCOMPAM02A',2),(176,'CIÊNCIA DA COMPUTAÇÃO','CCOMPAM04A',4),(177,'CIÊNCIA DA COMPUTAÇÃO','CCOMP2N04A',4),(178,'CIÊNCIA DA COMPUTAÇÃO','CCOMVON08A',8),(179,'CIÊNCIA DA COMPUTAÇÃO','CCOMP2N04A',4),(180,'CIÊNCIA DA COMPUTAÇÃO','CCOMP2N02A',2),(181,'CIÊNCIA DA COMPUTAÇÃO','CCOMVON02A',2),(182,'CIÊNCIA DA COMPUTAÇÃO','CCOMP2N02A',2),(183,'CIÊNCIA DA COMPUTAÇÃO','CCOMVON04A',4),(184,'CIÊNCIA DA COMPUTAÇÃO','CCOMVON02A',2),(185,'CIÊNCIA DA COMPUTAÇÃO','CCOMPAM01A',1),(186,'CIÊNCIA DA COMPUTAÇÃO','CCOMVON06A',6),(187,'CIÊNCIA DA COMPUTAÇÃO','CCOMPAM04A',4),(188,'CIÊNCIA DA COMPUTAÇÃO','CCOMVON02A',2),(189,'CIÊNCIA DA COMPUTAÇÃO','CCOMP2N02A',2),(190,'CIÊNCIA DA COMPUTAÇÃO','CCOMP2N04A',4),(191,'CIÊNCIA DA COMPUTAÇÃO','CCOMP2N01A',1),(192,'CIÊNCIA DA COMPUTAÇÃO','CCOMP2N02A',2),(193,'CIÊNCIA DA COMPUTAÇÃO','ASSIGNAR',8),(194,'CIÊNCIA DA COMPUTAÇÃO','CCOMP2N02A',2),(195,'CIÊNCIA DA COMPUTAÇÃO','CCOMVON01A',1),(196,'CIÊNCIA DA COMPUTAÇÃO','ASSIGNAR',8),(197,'CIÊNCIA DA COMPUTAÇÃO','ASSIGNAR',8),(198,'CIÊNCIA DA COMPUTAÇÃO','CCOMP2N02A',2),(199,'CIÊNCIA DA COMPUTAÇÃO','CCOMPAM06A',6),(200,'CIÊNCIA DA COMPUTAÇÃO','CCOMP2N06A',6),(201,'CIÊNCIA DA COMPUTAÇÃO','CCOMP2N04A',4),(202,'CIÊNCIA DA COMPUTAÇÃO','CCOMP2N07A',7),(203,'CIÊNCIA DA COMPUTAÇÃO','CCOMP2N04A',4),(204,'CIÊNCIA DA COMPUTAÇÃO','CCOMVON01A',1),(205,'CIÊNCIA DA COMPUTAÇÃO','CCOMVON06A',6),(206,'CIÊNCIA DA COMPUTAÇÃO','CCOMVON02A',2),(207,'CIÊNCIA DA COMPUTAÇÃO','CCOMVON01A',1),(208,'CIÊNCIA DA COMPUTAÇÃO','CCOMPAM02A',2),(209,'CIÊNCIA DA COMPUTAÇÃO','CCOMP2N06A',6),(210,'CIÊNCIA DA COMPUTAÇÃO','CCOMVON02A',2),(211,'CIÊNCIA DA COMPUTAÇÃO','CCOMVON04A',4),(212,'CIÊNCIA DA COMPUTAÇÃO','CCOMVON06A',6),(213,'CIÊNCIA DA COMPUTAÇÃO','CCOMP2N01A',1),(214,'CIÊNCIA DA COMPUTAÇÃO','CCOMVON02A',2),(215,'CIÊNCIA DA COMPUTAÇÃO','CCOMVON02A',2),(216,'CIÊNCIA DA COMPUTAÇÃO','CCOMPAM02A',2),(217,'CIÊNCIA DA COMPUTAÇÃO','CCOMVON04A',4),(218,'CIÊNCIA DA COMPUTAÇÃO','CCOMPAM02A',2),(219,'CIÊNCIA DA COMPUTAÇÃO','CCOMVON02A',2),(220,'CIÊNCIA DA COMPUTAÇÃO','CCOMPAM02A',2),(221,'CIÊNCIA DA COMPUTAÇÃO','CCOMP2N02A',2),(222,'CIÊNCIA DA COMPUTAÇÃO','CCOMVON04A',4),(223,'CIÊNCIA DA COMPUTAÇÃO','ASSIGNAR',8),(224,'CIÊNCIA DA COMPUTAÇÃO','CCOMPAM02A',2),(225,'CIÊNCIA DA COMPUTAÇÃO','CCOMVON02A',2),(226,'CIÊNCIA DA COMPUTAÇÃO','CCOMP2N07A',7),(227,'CIÊNCIA DA COMPUTAÇÃO','CCOMPAM04A',4),(228,'CIÊNCIA DA COMPUTAÇÃO','CCOMPAM02A',2),(229,'CIÊNCIA DA COMPUTAÇÃO','CCOMP2N06A',6),(230,'CIÊNCIA DA COMPUTAÇÃO','CCOMPAM02A',2),(231,'CIÊNCIA DA COMPUTAÇÃO','CCOMVON02A',2),(232,'CIÊNCIA DA COMPUTAÇÃO','CCOMVON04A',4),(233,'CIÊNCIA DA COMPUTAÇÃO','CCOMVON04A',4),(234,'CIÊNCIA DA COMPUTAÇÃO','CCOMVON01A',1),(235,'CIÊNCIA DA COMPUTAÇÃO','CCOMPAM02A',2),(236,'CIÊNCIA DA COMPUTAÇÃO','CCOMVON02A',2),(237,'CIÊNCIA DA COMPUTAÇÃO','CCOMPAM03A',3),(238,'CIÊNCIA DA COMPUTAÇÃO','CCOMP2N06A',6),(239,'CIÊNCIA DA COMPUTAÇÃO','CCOMPAM02A',2),(240,'CIÊNCIA DA COMPUTAÇÃO','CCOMP2N04A',4),(241,'CIÊNCIA DA COMPUTAÇÃO','CCOMVON06A',6),(242,'CIÊNCIA DA COMPUTAÇÃO','CCOMP2N01A',1),(243,'CIÊNCIA DA COMPUTAÇÃO','CCOMP2N06A',6),(244,'CIÊNCIA DA COMPUTAÇÃO','CCOMVON06A',6),(245,'CIÊNCIA DA COMPUTAÇÃO','CCOMPAM04A',4),(246,'CIÊNCIA DA COMPUTAÇÃO','CCOMP2N06A',6),(247,'CIÊNCIA DA COMPUTAÇÃO','CCOMVON06A',6),(248,'CIÊNCIA DA COMPUTAÇÃO','CCOMPAM02A',2),(249,'CIÊNCIA DA COMPUTAÇÃO','CCOMVON08A',8),(250,'CIÊNCIA DA COMPUTAÇÃO','CCOMVON02A',2),(251,'CIÊNCIA DA COMPUTAÇÃO','CCOMP2N06A',6),(252,'CIÊNCIA DA COMPUTAÇÃO','CCOMPAM02A',2),(253,'CIÊNCIA DA COMPUTAÇÃO','CCOMP2N02A',2),(254,'CIÊNCIA DA COMPUTAÇÃO','CCOMVON08A',8),(255,'CIÊNCIA DA COMPUTAÇÃO','CCOMPAM02A',2),(256,'CIÊNCIA DA COMPUTAÇÃO','CCOMPAM04A',4),(257,'CIÊNCIA DA COMPUTAÇÃO','CCOMP2N07A',7),(258,'CIÊNCIA DA COMPUTAÇÃO','CCOMP2N08A',8),(259,'CIÊNCIA DA COMPUTAÇÃO','CCOMPAM06A',6),(260,'CIÊNCIA DA COMPUTAÇÃO','CCOMP2N06A',6),(261,'CIÊNCIA DA COMPUTAÇÃO','CCOMP2N01A',1),(262,'CIÊNCIA DA COMPUTAÇÃO','CCOMPAM06A',6),(263,'CIÊNCIA DA COMPUTAÇÃO','CCOMP2N04A',4),(264,'CIÊNCIA DA COMPUTAÇÃO','CCOMPAM04A',4),(265,'CIÊNCIA DA COMPUTAÇÃO','CCOMP2N06A',6),(266,'CIÊNCIA DA COMPUTAÇÃO','CCOMP2N04A',4),(267,'CIÊNCIA DA COMPUTAÇÃO','CCOMVON02A',2),(268,'CIÊNCIA DA COMPUTAÇÃO','CCOMP2N04A',4),(269,'CIÊNCIA DA COMPUTAÇÃO','CCOMP2N06A',6),(270,'CIÊNCIA DA COMPUTAÇÃO','CCOMP2N04A',4),(271,'CIÊNCIA DA COMPUTAÇÃO','CCOMVON08A',8),(272,'CIÊNCIA DA COMPUTAÇÃO','CCOMVON02A',2),(273,'CIÊNCIA DA COMPUTAÇÃO','CCOMVON08A',8),(274,'CIÊNCIA DA COMPUTAÇÃO','CCOMVON06A',6),(275,'CIÊNCIA DA COMPUTAÇÃO','CCOMPAM02A',2),(276,'CIÊNCIA DA COMPUTAÇÃO','CCOMPAM02A',2),(277,'CIÊNCIA DA COMPUTAÇÃO','CCOMPAM04A',4),(278,'CIÊNCIA DA COMPUTAÇÃO','CCOMVON08A',8),(279,'CIÊNCIA DA COMPUTAÇÃO','CCOMP2N06A',6),(280,'CIÊNCIA DA COMPUTAÇÃO','CCOMPAM04A',4),(281,'CIÊNCIA DA COMPUTAÇÃO','CCOMPAM02A',2),(282,'CIÊNCIA DA COMPUTAÇÃO','CCOMPAM03A',3),(283,'CIÊNCIA DA COMPUTAÇÃO','CCOMP2N06A',6),(284,'CIÊNCIA DA COMPUTAÇÃO','CCOMVON02A',2),(285,'CIÊNCIA DA COMPUTAÇÃO','CCOMPAM01A',1),(286,'CIÊNCIA DA COMPUTAÇÃO','CCOMP2N02A',2),(287,'CIÊNCIA DA COMPUTAÇÃO','CCOMP2N04A',4),(288,'CIÊNCIA DA COMPUTAÇÃO','CCOMP2N06A',6),(289,'CIÊNCIA DA COMPUTAÇÃO','CCOMVON08A',8),(290,'CIÊNCIA DA COMPUTAÇÃO','CCOMP2N06A',6),(291,'CIÊNCIA DA COMPUTAÇÃO','CCOMP2N01A',1),(292,'CIÊNCIA DA COMPUTAÇÃO','ASSIGNAR',8),(293,'CIÊNCIA DA COMPUTAÇÃO','CCOMP2N01A',1),(294,'CIÊNCIA DA COMPUTAÇÃO','CCOMP2N06A',6),(295,'CIÊNCIA DA COMPUTAÇÃO','CCOMP2N04A',4),(296,'CIÊNCIA DA COMPUTAÇÃO','CCOMPAM02A',2),(297,'CIÊNCIA DA COMPUTAÇÃO','CCOMPAM02A',2),(298,'CIÊNCIA DA COMPUTAÇÃO','CCOMVON02A',2),(299,'CIÊNCIA DA COMPUTAÇÃO','CCOMVON04A',4),(300,'CIÊNCIA DA COMPUTAÇÃO','CCOMPAM02A',2),(301,'CIÊNCIA DA COMPUTAÇÃO','CCOMPAM02A',2),(302,'CIÊNCIA DA COMPUTAÇÃO','CCOMPAM01A',1),(303,'CIÊNCIA DA COMPUTAÇÃO','CCOMP2N08A',8),(304,'CIÊNCIA DA COMPUTAÇÃO','CCOMPAM04A',4),(305,'CIÊNCIA DA COMPUTAÇÃO','CCOMPAM04A',4),(306,'CIÊNCIA DA COMPUTAÇÃO','CCOMP2N02A',2),(307,'CIÊNCIA DA COMPUTAÇÃO','CCOMPAM02A',2),(308,'CIÊNCIA DA COMPUTAÇÃO','CCOMPAM04A',4),(309,'CIÊNCIA DA COMPUTAÇÃO','CCOMP2N04A',4),(310,'CIÊNCIA DA COMPUTAÇÃO','CCOMP2N08A',8),(311,'CIÊNCIA DA COMPUTAÇÃO','CCOMPAM01A',1),(312,'CIÊNCIA DA COMPUTAÇÃO','CCOMPAM04A',4),(313,'CIÊNCIA DA COMPUTAÇÃO','CCOMP2N06A',6),(314,'CIÊNCIA DA COMPUTAÇÃO','CCOMPAM02A',2),(315,'CIÊNCIA DA COMPUTAÇÃO','CCOMPAM04A',4),(316,'CIÊNCIA DA COMPUTAÇÃO','CCOMVON08A',8),(317,'CIÊNCIA DA COMPUTAÇÃO','CCOMPAM01A',1),(318,'CIÊNCIA DA COMPUTAÇÃO','CCOMVON06A',6),(319,'CIÊNCIA DA COMPUTAÇÃO','CCOMVON08A',8),(320,'CIÊNCIA DA COMPUTAÇÃO','CCOMPAM03A',3),(321,'CIÊNCIA DA COMPUTAÇÃO','CCOMVON08A',8),(322,'CIÊNCIA DA COMPUTAÇÃO','CCOMVON08A',8),(323,'CIÊNCIA DA COMPUTAÇÃO','CCOMPAM04A',4),(324,'CIÊNCIA DA COMPUTAÇÃO','CCOMVON04A',4),(325,'CIÊNCIA DA COMPUTAÇÃO','CCOMPAM02A',2),(326,'CIÊNCIA DA COMPUTAÇÃO','CCOMVON06A',6),(327,'CIÊNCIA DA COMPUTAÇÃO','CCOMVON06A',6),(328,'CIÊNCIA DA COMPUTAÇÃO','CCOMVON06A',6),(329,'CIÊNCIA DA COMPUTAÇÃO','ASSIGNAR',8),(330,'CIÊNCIA DA COMPUTAÇÃO','CCOMP2N04A',4),(331,'CIÊNCIA DA COMPUTAÇÃO','CCOMP2N02A',2),(332,'CIÊNCIA DA COMPUTAÇÃO','CCOMPAM01A',1),(333,'CIÊNCIA DA COMPUTAÇÃO','CCOMVON06A',6),(334,'CIÊNCIA DA COMPUTAÇÃO','CCOMVON04A',4),(335,'CIÊNCIA DA COMPUTAÇÃO','CCOMP2N04A',4),(336,'CIÊNCIA DA COMPUTAÇÃO','CCOMP2N01A',1),(337,'CIÊNCIA DA COMPUTAÇÃO','SIVON04',4),(338,'CIÊNCIA DA COMPUTAÇÃO','SIVON02',2),(339,'CIÊNCIA DA COMPUTAÇÃO','CCOMP2N07A',7),(340,'CIÊNCIA DA COMPUTAÇÃO','CCOMPAM01A',1),(341,'CIÊNCIA DA COMPUTAÇÃO','CCOMVON01A',1),(342,'CIÊNCIA DA COMPUTAÇÃO','CCOMPAM01A',1),(343,'CIÊNCIA DA COMPUTAÇÃO','CCOMPAM04A',4),(344,'CIÊNCIA DA COMPUTAÇÃO','CCOMPAM01A',1),(345,'CIÊNCIA DA COMPUTAÇÃO','CCOMPAM04A',4),(346,'CIÊNCIA DA COMPUTAÇÃO','CCOMP2N07A',7),(347,'CIÊNCIA DA COMPUTAÇÃO','CCOMVON03A',3),(348,'CIÊNCIA DA COMPUTAÇÃO','ASSIGNAR',8),(349,'CIÊNCIA DA COMPUTAÇÃO','CCOMP2N01A',1),(350,'CIÊNCIA DA COMPUTAÇÃO','CCOMVON05A',5),(351,'CIÊNCIA DA COMPUTAÇÃO','CCOMP2N08A',8),(352,'CIÊNCIA DA COMPUTAÇÃO','CCOMPAM01A',1),(353,'CIÊNCIA DA COMPUTAÇÃO','CCOMVON07A',7),(354,'CIÊNCIA DA COMPUTAÇÃO','CCOMVON05A',5),(355,'CIÊNCIA DA COMPUTAÇÃO','CCOMP2N08A',8),(356,'CIÊNCIA DA COMPUTAÇÃO','CCOMPAM03A',3),(357,'CIÊNCIA DA COMPUTAÇÃO','CCOMP2N08A',8),(358,'CIÊNCIA DA COMPUTAÇÃO','CCOMPAM04A',4),(359,'CIÊNCIA DA COMPUTAÇÃO','CCOMVON02A',2),(360,'CIÊNCIA DA COMPUTAÇÃO','CCOMP2N05A',5),(361,'CIÊNCIA DA COMPUTAÇÃO','CCOMPAM05A',5),(362,'CIÊNCIA DA COMPUTAÇÃO','CCOMP2N01A',1),(363,'CIÊNCIA DA COMPUTAÇÃO','CCOMP2N07A',7),(364,'CIÊNCIA DA COMPUTAÇÃO','CCOMPAM03A',3),(365,'CIÊNCIA DA COMPUTAÇÃO','CCOMP2N01A',1),(366,'CIÊNCIA DA COMPUTAÇÃO','CCOMPAM03A',3),(367,'CIÊNCIA DA COMPUTAÇÃO','CCOMVON05A',5),(368,'CIÊNCIA DA COMPUTAÇÃO','CCOMP2N01A',1),(369,'CIÊNCIA DA COMPUTAÇÃO','CCOMPAM01A',1),(370,'CIÊNCIA DA COMPUTAÇÃO','CCOMVON05A',5),(371,'CIÊNCIA DA COMPUTAÇÃO','CCOMPAM01A',1),(372,'CIÊNCIA DA COMPUTAÇÃO','CCOMP2N03A',3),(373,'CIÊNCIA DA COMPUTAÇÃO','CCOMPAM01A',1),(374,'CIÊNCIA DA COMPUTAÇÃO','CCOMP2N07A',7),(375,'CIÊNCIA DA COMPUTAÇÃO','CCOMPAM05A',5),(376,'CIÊNCIA DA COMPUTAÇÃO','CCOMP2N02A',2),(377,'CIÊNCIA DA COMPUTAÇÃO','CCOMP2N03A',3),(378,'CIÊNCIA DA COMPUTAÇÃO','CCOMVON01A',1),(379,'CIÊNCIA DA COMPUTAÇÃO','CCOMVON05A',5),(380,'CIÊNCIA DA COMPUTAÇÃO','CCOMVON07A',7),(381,'CIÊNCIA DA COMPUTAÇÃO','CCOMPAM01A',1),(382,'CIÊNCIA DA COMPUTAÇÃO','CCOMPAM01A',1),(383,'CIÊNCIA DA COMPUTAÇÃO','CCOMP2N02A',2),(384,'CIÊNCIA DA COMPUTAÇÃO','CCOMP2N05A',5),(385,'CIÊNCIA DA COMPUTAÇÃO','CCOMVON01A',1),(386,'CIÊNCIA DA COMPUTAÇÃO','CCOMP2N05A',5),(387,'CIÊNCIA DA COMPUTAÇÃO','CCOMVON05A',5),(388,'CIÊNCIA DA COMPUTAÇÃO','CCOMVON01A',1),(389,'CIÊNCIA DA COMPUTAÇÃO','CCOMPAM01A',1),(390,'CIÊNCIA DA COMPUTAÇÃO','CCOMVON02A',2),(391,'CIÊNCIA DA COMPUTAÇÃO','ASSIGNAR',8),(392,'CIÊNCIA DA COMPUTAÇÃO','CCOMP2N07A',7),(393,'CIÊNCIA DA COMPUTAÇÃO','CCOMP2N01A',1),(394,'CIÊNCIA DA COMPUTAÇÃO','CCOMVON01A',1),(395,'CIÊNCIA DA COMPUTAÇÃO','CCOMPAM04A',4),(396,'CIÊNCIA DA COMPUTAÇÃO','CCOMPAM01A',1),(397,'CIÊNCIA DA COMPUTAÇÃO','CCOMVON01A',1),(398,'CIÊNCIA DA COMPUTAÇÃO','CCOMVON07A',7),(399,'CIÊNCIA DA COMPUTAÇÃO','CCOMP2N07A',7),(400,'CIÊNCIA DA COMPUTAÇÃO','CCOMP2N05A',5),(401,'CIÊNCIA DA COMPUTAÇÃO','CCOMVON02A',2),(402,'CIÊNCIA DA COMPUTAÇÃO','CCOMVON03A',3),(403,'CIÊNCIA DA COMPUTAÇÃO','CCOMP2N02A',2),(404,'CIÊNCIA DA COMPUTAÇÃO','CCOMVON02A',2),(405,'CIÊNCIA DA COMPUTAÇÃO','CCOMP2N05A',5),(406,'CIÊNCIA DA COMPUTAÇÃO','CCOMP2N02A',2),(407,'CIÊNCIA DA COMPUTAÇÃO','CCOMPAM01A',1),(408,'CIÊNCIA DA COMPUTAÇÃO','CCOMP2N05A',5),(409,'CIÊNCIA DA COMPUTAÇÃO','CCOMPAM04A',4),(410,'CIÊNCIA DA COMPUTAÇÃO','CCOMP2N05A',5),(411,'CIÊNCIA DA COMPUTAÇÃO','CCOMPAM01A',1),(412,'CIÊNCIA DA COMPUTAÇÃO','CCOMPAM01A',1),(413,'CIÊNCIA DA COMPUTAÇÃO','CCOMP2N01A',1),(414,'CIÊNCIA DA COMPUTAÇÃO','CCOMP2N03A',3),(415,'CIÊNCIA DA COMPUTAÇÃO','CCOMVON01A',1),(416,'CIÊNCIA DA COMPUTAÇÃO','CCOMPAM04A',4),(417,'CIÊNCIA DA COMPUTAÇÃO','CCOMVON03A',3),(418,'CIÊNCIA DA COMPUTAÇÃO','CCOMP2N01A',1),(419,'CIÊNCIA DA COMPUTAÇÃO','ASSIGNAR',8),(420,'CIÊNCIA DA COMPUTAÇÃO','CCOMVON01A',1),(421,'CIÊNCIA DA COMPUTAÇÃO','CCOMPAM02A',2),(422,'CIÊNCIA DA COMPUTAÇÃO','CCOMPAM02A',2),(423,'CIÊNCIA DA COMPUTAÇÃO','CCOMP2N02A',2),(424,'CIÊNCIA DA COMPUTAÇÃO','CCOMP2N01A',1),(425,'CIÊNCIA DA COMPUTAÇÃO','CCOMVON01A',1),(426,'CIÊNCIA DA COMPUTAÇÃO','CCOMPAM05A',5),(427,'CIÊNCIA DA COMPUTAÇÃO','CCOMPAM01A',1),(428,'CIÊNCIA DA COMPUTAÇÃO','CCOMVON01A',1),(429,'CIÊNCIA DA COMPUTAÇÃO','CCOMP2N05A',5),(430,'CIÊNCIA DA COMPUTAÇÃO','CCOMP2N05A',5),(431,'CIÊNCIA DA COMPUTAÇÃO','CCOMPAM01A',1),(432,'CIÊNCIA DA COMPUTAÇÃO','CCOMP2N01A',1),(433,'CIÊNCIA DA COMPUTAÇÃO','CCOMP2N01A',1),(434,'CIÊNCIA DA COMPUTAÇÃO','CCOMP2N03A',3),(435,'CIÊNCIA DA COMPUTAÇÃO','CCOMVON05A',5),(436,'CIÊNCIA DA COMPUTAÇÃO','CCOMP2N07A',7),(437,'CIÊNCIA DA COMPUTAÇÃO','CCOMVON01A',1),(438,'CIÊNCIA DA COMPUTAÇÃO','CCOMP2N03A',3),(439,'CIÊNCIA DA COMPUTAÇÃO','CCOMVON07A',7),(440,'CIÊNCIA DA COMPUTAÇÃO','ASSIGNAR',8),(441,'CIÊNCIA DA COMPUTAÇÃO','CCOMPAM01A',1),(442,'CIÊNCIA DA COMPUTAÇÃO','CCOMPAM03A',3),(443,'CIÊNCIA DA COMPUTAÇÃO','CCOMP2N01A',1),(444,'CIÊNCIA DA COMPUTAÇÃO','CCOMP2N07A',7),(445,'CIÊNCIA DA COMPUTAÇÃO','CCOMPAM01A',1),(446,'CIÊNCIA DA COMPUTAÇÃO','CCOMVON07A',7),(447,'CIÊNCIA DA COMPUTAÇÃO','ASSIGNAR',8),(448,'CIÊNCIA DA COMPUTAÇÃO','CCOMP2N05A',5),(449,'CIÊNCIA DA COMPUTAÇÃO','CCOMP2N01A',1),(450,'CIÊNCIA DA COMPUTAÇÃO','CCOMPAM03A',3),(451,'CIÊNCIA DA COMPUTAÇÃO','CCOMPAM01A',1),(452,'CIÊNCIA DA COMPUTAÇÃO','CCOMP2N05A',5),(453,'CIÊNCIA DA COMPUTAÇÃO','ASSIGNAR',8),(454,'CIÊNCIA DA COMPUTAÇÃO','CCOMPAM02A',2),(455,'CIÊNCIA DA COMPUTAÇÃO','CCOMP2N08A',8),(456,'CIÊNCIA DA COMPUTAÇÃO','CCOMP2N05A',5),(457,'CIÊNCIA DA COMPUTAÇÃO','CCOMPAM01A',1),(458,'CIÊNCIA DA COMPUTAÇÃO','CCOMVON01A',1),(459,'CIÊNCIA DA COMPUTAÇÃO','CCOMVON07A',7),(460,'CIÊNCIA DA COMPUTAÇÃO','CCOMPAM01A',1),(461,'CIÊNCIA DA COMPUTAÇÃO','CCOMPAM03A',3),(462,'CIÊNCIA DA COMPUTAÇÃO','ASSIGNAR',8),(463,'CIÊNCIA DA COMPUTAÇÃO','CCOMPAM03A',3),(464,'CIÊNCIA DA COMPUTAÇÃO','CCOMP2N01A',1),(465,'CIÊNCIA DA COMPUTAÇÃO','CCOMVON05A',5),(466,'CIÊNCIA DA COMPUTAÇÃO','CCOMPAM03A',3),(467,'CIÊNCIA DA COMPUTAÇÃO','CCOMVON01A',1),(468,'CIÊNCIA DA COMPUTAÇÃO','CCOMP2N07A',7),(469,'CIÊNCIA DA COMPUTAÇÃO','CCOMPAM01A',1),(470,'CIÊNCIA DA COMPUTAÇÃO','CCOMPAM02A',2),(471,'CIÊNCIA DA COMPUTAÇÃO','CCOMVON07A',7),(472,'CIÊNCIA DA COMPUTAÇÃO','CCOMVON01A',1),(473,'CIÊNCIA DA COMPUTAÇÃO','CCOMPAM04A',4),(474,'CIÊNCIA DA COMPUTAÇÃO','CCOMPAM01A',1),(475,'CIÊNCIA DA COMPUTAÇÃO','CCOMVON01A',1),(476,'CIÊNCIA DA COMPUTAÇÃO','CCOMPAM01A',1),(477,'CIÊNCIA DA COMPUTAÇÃO','CCOMPAM01A',1),(478,'CIÊNCIA DA COMPUTAÇÃO','CCOMP2N01A',1),(479,'CIÊNCIA DA COMPUTAÇÃO','CCOMP2N02A',2),(480,'CIÊNCIA DA COMPUTAÇÃO','CCOMVON01A',1),(481,'CIÊNCIA DA COMPUTAÇÃO','CCOMPAM02A',2),(482,'CIÊNCIA DA COMPUTAÇÃO','CCOMP2N05A',5),(483,'CIÊNCIA DA COMPUTAÇÃO','CCOMVON02A',2),(484,'CIÊNCIA DA COMPUTAÇÃO','CCOMVON03A',3),(485,'CIÊNCIA DA COMPUTAÇÃO','ASSIGNAR',8),(486,'CIÊNCIA DA COMPUTAÇÃO','CCOMP2N03A',3),(487,'CIÊNCIA DA COMPUTAÇÃO','CCOMP2N07A',7),(488,'CIÊNCIA DA COMPUTAÇÃO','CCOMVON01A',1),(489,'CIÊNCIA DA COMPUTAÇÃO','CCOMPAM05A',5),(490,'CIÊNCIA DA COMPUTAÇÃO','CCOMP2N01A',1),(491,'CIÊNCIA DA COMPUTAÇÃO','CCOMPAM03A',3),(492,'CIÊNCIA DA COMPUTAÇÃO','CCOMP2N01A',1),(493,'CIÊNCIA DA COMPUTAÇÃO','CCOMP2N05A',5),(494,'CIÊNCIA DA COMPUTAÇÃO','CCOMPAM01A',1),(495,'CIÊNCIA DA COMPUTAÇÃO','CCOMVON02A',2),(496,'CIÊNCIA DA COMPUTAÇÃO','CCOMVON02A',2),(497,'CIÊNCIA DA COMPUTAÇÃO','CCOMVON01A',1),(498,'CIÊNCIA DA COMPUTAÇÃO','CCOMP2N01A',1),(499,'CIÊNCIA DA COMPUTAÇÃO','CCOMP2N05A',5),(500,'CIÊNCIA DA COMPUTAÇÃO','CCOMPAM03A',3),(501,'CIÊNCIA DA COMPUTAÇÃO','CCOMVON01A',1),(502,'CIÊNCIA DA COMPUTAÇÃO','CCOMPAM04A',4),(503,'CIÊNCIA DA COMPUTAÇÃO','CCOMVON01A',1),(504,'CIÊNCIA DA COMPUTAÇÃO','CCOMPAM03A',3),(505,'CIÊNCIA DA COMPUTAÇÃO','CCOMP2N05A',5),(506,'CIÊNCIA DA COMPUTAÇÃO','CCOMVON01A',1),(507,'CIÊNCIA DA COMPUTAÇÃO','CCOMPAM01A',1),(508,'CIÊNCIA DA COMPUTAÇÃO','CCOMPAM05A',5),(509,'CIÊNCIA DA COMPUTAÇÃO','CCOMVON01A',1),(510,'CIÊNCIA DA COMPUTAÇÃO','CCOMPAM01A',1),(511,'CIÊNCIA DA COMPUTAÇÃO','CCOMP2N01A',1),(512,'CIÊNCIA DA COMPUTAÇÃO','CCOMVON05A',5),(513,'CIÊNCIA DA COMPUTAÇÃO','CCOMVON01A',1),(514,'CIÊNCIA DA COMPUTAÇÃO','CCOMVON05A',5),(515,'CIÊNCIA DA COMPUTAÇÃO','CCOMP2N03A',3),(516,'CIÊNCIA DA COMPUTAÇÃO','CCOMP2N01A',1),(517,'CIÊNCIA DA COMPUTAÇÃO','CCOMP2N07A',7),(518,'CIÊNCIA DA COMPUTAÇÃO','CCOMPAM01A',1),(519,'CIÊNCIA DA COMPUTAÇÃO','CCOMPAM05A',5),(520,'CIÊNCIA DA COMPUTAÇÃO','CCOMP2N01A',1),(521,'CIÊNCIA DA COMPUTAÇÃO','CCOMP2N01A',1),(522,'CIÊNCIA DA COMPUTAÇÃO','CCOMPAM01A',1),(523,'CIÊNCIA DA COMPUTAÇÃO','CCOMVON02A',2),(524,'CIÊNCIA DA COMPUTAÇÃO','ASSIGNAR',8),(525,'CIÊNCIA DA COMPUTAÇÃO','CCOMPAM02A',2),(526,'CIÊNCIA DA COMPUTAÇÃO','CCOMP2N01A',1),(527,'CIÊNCIA DA COMPUTAÇÃO','CCOMP2N03A',3),(528,'CIÊNCIA DA COMPUTAÇÃO','CCOMPAM01A',1),(529,'CIÊNCIA DA COMPUTAÇÃO','CCOMVON05A',5),(530,'CIÊNCIA DA COMPUTAÇÃO','CCOMPAM01A',1),(531,'CIÊNCIA DA COMPUTAÇÃO','CCOMPAM05A',5),(532,'CIÊNCIA DA COMPUTAÇÃO','CCOMPAM01A',1),(533,'CIÊNCIA DA COMPUTAÇÃO','CCOMVON01A',1),(534,'CIÊNCIA DA COMPUTAÇÃO','CCOMP2N01A',1),(535,'CIÊNCIA DA COMPUTAÇÃO','CCOMPAM01A',1),(536,'CIÊNCIA DA COMPUTAÇÃO','CCOMP2N08A',8),(537,'CIÊNCIA DA COMPUTAÇÃO','CCOMPAM03A',3),(538,'CIÊNCIA DA COMPUTAÇÃO','CCOMPAM03A',3),(539,'CIÊNCIA DA COMPUTAÇÃO','CCOMP2N03A',3),(540,'CIÊNCIA DA COMPUTAÇÃO','CCOMP2N02A',2),(541,'CIÊNCIA DA COMPUTAÇÃO','CCOMP2N01A',1),(542,'CIÊNCIA DA COMPUTAÇÃO','CCOMVON01A',1),(543,'CIÊNCIA DA COMPUTAÇÃO','CCOMPAM01A',1),(544,'CIÊNCIA DA COMPUTAÇÃO','CCOMP2N03A',3),(545,'CIÊNCIA DA COMPUTAÇÃO','CCOMVON03A',3),(546,'CIÊNCIA DA COMPUTAÇÃO','CCOMPAM03A',3),(547,'CIÊNCIA DA COMPUTAÇÃO','CCOMP2N07A',7),(548,'CIÊNCIA DA COMPUTAÇÃO','CCOMP2N01A',1),(549,'CIÊNCIA DA COMPUTAÇÃO','CCOMP2N01A',1),(550,'CIÊNCIA DA COMPUTAÇÃO','CCOMPAM03A',3),(551,'CIÊNCIA DA COMPUTAÇÃO','CCOMP2N01A',1),(552,'CIÊNCIA DA COMPUTAÇÃO','CCOMPAM04A',4),(553,'CIÊNCIA DA COMPUTAÇÃO','CCOMVON07A',7),(554,'CIÊNCIA DA COMPUTAÇÃO','CCOMVON07A',7),(555,'CIÊNCIA DA COMPUTAÇÃO','CCOMVON03A',3),(556,'CIÊNCIA DA COMPUTAÇÃO','CCOMVON02A',2),(557,'CIÊNCIA DA COMPUTAÇÃO','CCOMPAM01A',1),(558,'CIÊNCIA DA COMPUTAÇÃO','CCOMPAM03A',3),(559,'CIÊNCIA DA COMPUTAÇÃO','CCOMP2N02A',2),(560,'CIÊNCIA DA COMPUTAÇÃO','CCOMPAM03A',3),(561,'CIÊNCIA DA COMPUTAÇÃO','CCOMP2N01A',1),(562,'CIÊNCIA DA COMPUTAÇÃO','CCOMPAM03A',3),(563,'CIÊNCIA DA COMPUTAÇÃO','CCOMVON07A',7),(564,'CIÊNCIA DA COMPUTAÇÃO','CCOMP2N02A',2),(565,'CIÊNCIA DA COMPUTAÇÃO','CCOMP2N02A',2),(566,'CIÊNCIA DA COMPUTAÇÃO','CCOMP2N02A',2),(567,'CIÊNCIA DA COMPUTAÇÃO','CCOMPAM01A',1),(568,'CIÊNCIA DA COMPUTAÇÃO','CCOMPAM01A',1),(569,'CIÊNCIA DA COMPUTAÇÃO','CCOMPAM01A',1),(570,'CIÊNCIA DA COMPUTAÇÃO','CCOMVON07A',7),(571,'CIÊNCIA DA COMPUTAÇÃO','CCOMPAM03A',3),(572,'CIÊNCIA DA COMPUTAÇÃO','CCOMP2N07A',7),(573,'CIÊNCIA DA COMPUTAÇÃO','CCOMP2N03A',3),(574,'CIÊNCIA DA COMPUTAÇÃO','CCOMP2N01A',1),(575,'CIÊNCIA DA COMPUTAÇÃO','CCOMPAM03A',3),(576,'CIÊNCIA DA COMPUTAÇÃO','CCOMPAM03A',3),(577,'CIÊNCIA DA COMPUTAÇÃO','CCOMPAM05A',5),(578,'CIÊNCIA DA COMPUTAÇÃO','CCOMP2N05A',5),(579,'CIÊNCIA DA COMPUTAÇÃO','CCOMVON01A',1),(580,'CIÊNCIA DA COMPUTAÇÃO','CCOMP2N05A',5),(581,'CIÊNCIA DA COMPUTAÇÃO','CCOMVON01A',1),(582,'CIÊNCIA DA COMPUTAÇÃO','CCOMVON01A',1),(583,'CIÊNCIA DA COMPUTAÇÃO','CCOMP2N03A',3),(584,'CIÊNCIA DA COMPUTAÇÃO','CCOMVON03A',3),(585,'CIÊNCIA DA COMPUTAÇÃO','CCOMVON05A',5),(586,'CIÊNCIA DA COMPUTAÇÃO','CCOMVON03A',3),(587,'CIÊNCIA DA COMPUTAÇÃO','CCOMP2N01A',1),(588,'CIÊNCIA DA COMPUTAÇÃO','CCOMVON01A',1),(589,'CIÊNCIA DA COMPUTAÇÃO','CCOMPAM02A',2),(590,'CIÊNCIA DA COMPUTAÇÃO','CCOMVON07A',7),(591,'CIÊNCIA DA COMPUTAÇÃO','CCOMPAM05A',5),(592,'CIÊNCIA DA COMPUTAÇÃO','CCOMPAM01A',1),(593,'CIÊNCIA DA COMPUTAÇÃO','CCOMP2N03A',3),(594,'CIÊNCIA DA COMPUTAÇÃO','CCOMPAM01A',1),(595,'CIÊNCIA DA COMPUTAÇÃO','CCOMP2N05A',5),(596,'CIÊNCIA DA COMPUTAÇÃO','CCOMP2N03A',3),(597,'CIÊNCIA DA COMPUTAÇÃO','ASSIGNAR',8),(598,'CIÊNCIA DA COMPUTAÇÃO','CCOMVON03A',3),(599,'CIÊNCIA DA COMPUTAÇÃO','CCOMP2N01A',1),(600,'CIÊNCIA DA COMPUTAÇÃO','CCOMP2N03A',3),(601,'CIÊNCIA DA COMPUTAÇÃO','CCOMP2N01A',1),(602,'CIÊNCIA DA COMPUTAÇÃO','CCOMVON05A',5),(603,'CIÊNCIA DA COMPUTAÇÃO','CCOMP2N01A',1),(604,'CIÊNCIA DA COMPUTAÇÃO','CCOMP2N03A',3),(605,'CIÊNCIA DA COMPUTAÇÃO','CCOMP2N07A',7),(606,'CIÊNCIA DA COMPUTAÇÃO','CCOMP2N07A',7),(607,'CIÊNCIA DA COMPUTAÇÃO','CCOMPAM04A',4),(608,'CIÊNCIA DA COMPUTAÇÃO','CCOMP2N05A',5),(609,'CIÊNCIA DA COMPUTAÇÃO','CCOMP2N08A',8),(610,'CIÊNCIA DA COMPUTAÇÃO','CCOMVON05A',5),(611,'CIÊNCIA DA COMPUTAÇÃO','CCOMP2N05A',5),(612,'CIÊNCIA DA COMPUTAÇÃO','CCOMVON02A',2),(613,'CIÊNCIA DA COMPUTAÇÃO','CCOMVON07A',7),(614,'CIÊNCIA DA COMPUTAÇÃO','ASSIGNAR',8),(615,'CIÊNCIA DA COMPUTAÇÃO','CCOMVON03A',3),(616,'CIÊNCIA DA COMPUTAÇÃO','CCOMPAM03A',3),(617,'CIÊNCIA DA COMPUTAÇÃO','CCOMP2N07A',7),(618,'CIÊNCIA DA COMPUTAÇÃO','CCOMVON03A',3),(619,'CIÊNCIA DA COMPUTAÇÃO','CCOMP2N01A',1),(620,'CIÊNCIA DA COMPUTAÇÃO','CCOMVON05A',5),(621,'CIÊNCIA DA COMPUTAÇÃO','CCOMVON07A',7),(622,'CIÊNCIA DA COMPUTAÇÃO','CCOMPAM01A',1),(623,'CIÊNCIA DA COMPUTAÇÃO','CCOMVON01A',1),(624,'CIÊNCIA DA COMPUTAÇÃO','CCOMP2N01A',1),(625,'CIÊNCIA DA COMPUTAÇÃO','CCOMPAM01A',1),(626,'CIÊNCIA DA COMPUTAÇÃO','CCOMVON03A',3),(627,'CIÊNCIA DA COMPUTAÇÃO','CCOMPAM01A',1),(628,'CIÊNCIA DA COMPUTAÇÃO','CCOMVON03A',3),(629,'CIÊNCIA DA COMPUTAÇÃO','CCOMPAM01A',1),(630,'CIÊNCIA DA COMPUTAÇÃO','CCOMPAM04A',4),(631,'CIÊNCIA DA COMPUTAÇÃO','CCOMPAM03A',3),(632,'CIÊNCIA DA COMPUTAÇÃO','CCOMVON05A',5),(633,'CIÊNCIA DA COMPUTAÇÃO','CCOMPAM03A',3),(634,'CIÊNCIA DA COMPUTAÇÃO','CCOMPAM03A',3),(635,'CIÊNCIA DA COMPUTAÇÃO','CCOMVON05A',5),(636,'CIÊNCIA DA COMPUTAÇÃO','CCOMVON01A',1),(637,'CIÊNCIA DA COMPUTAÇÃO','ASSIGNAR',8),(638,'CIÊNCIA DA COMPUTAÇÃO','CCOMP2N01A',1),(639,'CIÊNCIA DA COMPUTAÇÃO','CCOMVON01A',1),(640,'CIÊNCIA DA COMPUTAÇÃO','CCOMPAM03A',3),(641,'CIÊNCIA DA COMPUTAÇÃO','CCOMVON03A',3),(642,'CIÊNCIA DA COMPUTAÇÃO','CCOMVON01A',1),(643,'CIÊNCIA DA COMPUTAÇÃO','CCOMPAM01A',1),(644,'CIÊNCIA DA COMPUTAÇÃO','CCOMPAM04A',4),(645,'CIÊNCIA DA COMPUTAÇÃO','CCOMPAM01A',1),(646,'CIÊNCIA DA COMPUTAÇÃO','CCOMP2N08A',8),(647,'CIÊNCIA DA COMPUTAÇÃO','CCOMPAM05A',5),(648,'CIÊNCIA DA COMPUTAÇÃO','CCOMVON01A',1),(649,'CIÊNCIA DA COMPUTAÇÃO','CCOMPAM01A',1),(650,'CIÊNCIA DA COMPUTAÇÃO','CCOMPAM03A',3),(651,'CIÊNCIA DA COMPUTAÇÃO','CCOMP2N07A',7),(652,'CIÊNCIA DA COMPUTAÇÃO','CCOMPAM03A',3),(653,'CIÊNCIA DA COMPUTAÇÃO','CCOMVON03A',3),(654,'CIÊNCIA DA COMPUTAÇÃO','CCOMVON01A',1),(655,'CIÊNCIA DA COMPUTAÇÃO','CCOMVON01A',1),(656,'CIÊNCIA DA COMPUTAÇÃO','CCOMVON05A',5),(657,'CIÊNCIA DA COMPUTAÇÃO','CCOMP2N01A',1),(658,'CIÊNCIA DA COMPUTAÇÃO','CCOMVON05A',5),(659,'CIÊNCIA DA COMPUTAÇÃO','ASSIGNAR',8),(660,'CIÊNCIA DA COMPUTAÇÃO','CCOMVON01A',1),(661,'CIÊNCIA DA COMPUTAÇÃO','CCOMPAM01A',1),(662,'CIÊNCIA DA COMPUTAÇÃO','CCOMP2N07A',7),(663,'CIÊNCIA DA COMPUTAÇÃO','CCOMPAM01A',1),(664,'CIÊNCIA DA COMPUTAÇÃO','CCOMPAM01A',1),(665,'CIÊNCIA DA COMPUTAÇÃO','CCOMPAM01A',1),(666,'CIÊNCIA DA COMPUTAÇÃO','CCOMVON03A',3),(667,'CIÊNCIA DA COMPUTAÇÃO','CCOMPAM01A',1),(668,'CIÊNCIA DA COMPUTAÇÃO','CCOMVON01A',1),(669,'CIÊNCIA DA COMPUTAÇÃO','CCOMVON01A',1),(670,'CIÊNCIA DA COMPUTAÇÃO','CCOMPAM04A',4),(671,'CIÊNCIA DA COMPUTAÇÃO','CCOMP2N07A',7),(672,'CIÊNCIA DA COMPUTAÇÃO','CCOMPAM03A',3),(673,'CIÊNCIA DA COMPUTAÇÃO','CCOMPAM01A',1),(674,'CIÊNCIA DA COMPUTAÇÃO','CCOMVON07A',7),(675,'CIÊNCIA DA COMPUTAÇÃO','CCOMP2N01A',1),(676,'CIÊNCIA DA COMPUTAÇÃO','CCOMP2N02A',2),(677,'CIÊNCIA DA COMPUTAÇÃO','CCOMP2N07A',7),(678,'CIÊNCIA DA COMPUTAÇÃO','CCOMVON07A',7),(679,'CIÊNCIA DA COMPUTAÇÃO','CCOMP2N07A',7),(680,'CIÊNCIA DA COMPUTAÇÃO','CCOMVON07A',7),(681,'CIÊNCIA DA COMPUTAÇÃO','CCOMVON03A',3),(682,'CIÊNCIA DA COMPUTAÇÃO','CCOMPAM02A',2),(683,'CIÊNCIA DA COMPUTAÇÃO','ASSIGNAR',8),(684,'CIÊNCIA DA COMPUTAÇÃO','CCOMVON03A',3),(685,'CIÊNCIA DA COMPUTAÇÃO','CCOMP2N01A',1),(686,'CIÊNCIA DA COMPUTAÇÃO','CCOMP2N07A',7),(687,'CIÊNCIA DA COMPUTAÇÃO','CCOMP2N03A',3),(688,'CIÊNCIA DA COMPUTAÇÃO','CCOMP2N03A',3),(689,'CIÊNCIA DA COMPUTAÇÃO','CCOMVON01A',1),(690,'CIÊNCIA DA COMPUTAÇÃO','CCOMPAM05A',5),(691,'CIÊNCIA DA COMPUTAÇÃO','CCOMP2N08A',8),(692,'CIÊNCIA DA COMPUTAÇÃO','CCOMP2N01A',1),(693,'CIÊNCIA DA COMPUTAÇÃO','CCOMVON07A',7),(694,'CIÊNCIA DA COMPUTAÇÃO','CCOMP2N07A',7),(695,'CIÊNCIA DA COMPUTAÇÃO','CCOMP2N02A',2),(696,'CIÊNCIA DA COMPUTAÇÃO','CCOMP2N07A',7),(697,'CIÊNCIA DA COMPUTAÇÃO','CCOMP2N05A',5),(698,'CIÊNCIA DA COMPUTAÇÃO','CCOMPAM01A',1),(699,'CIÊNCIA DA COMPUTAÇÃO','CCOMPAM05A',5),(700,'CIÊNCIA DA COMPUTAÇÃO','CCOMP2N01A',1),(701,'CIÊNCIA DA COMPUTAÇÃO','CCOMP2N01A',1),(702,'CIÊNCIA DA COMPUTAÇÃO','CCOMP2N07A',7),(703,'CIÊNCIA DA COMPUTAÇÃO','CCOMP2N05A',5),(704,'CIÊNCIA DA COMPUTAÇÃO','CCOMVON05A',5),(705,'CIÊNCIA DA COMPUTAÇÃO','CCOMP2N07A',7),(706,'CIÊNCIA DA COMPUTAÇÃO','CCOMP2N05A',5),(707,'CIÊNCIA DA COMPUTAÇÃO','ASSIGNAR',8),(708,'CIÊNCIA DA COMPUTAÇÃO','CCOMVON03A',3),(709,'CIÊNCIA DA COMPUTAÇÃO','CCOMVON07A',7),(710,'CIÊNCIA DA COMPUTAÇÃO','CCOMPAM03A',3),(711,'CIÊNCIA DA COMPUTAÇÃO','ASSIGNAR',2),(712,'CIÊNCIA DA COMPUTAÇÃO','CCOMP2N01A',1),(713,'CIÊNCIA DA COMPUTAÇÃO','CCOMVON01A',1),(714,'CIÊNCIA DA COMPUTAÇÃO','CCOMPAM05A',5),(715,'CIÊNCIA DA COMPUTAÇÃO','CCOMP2N07A',7),(716,'CIÊNCIA DA COMPUTAÇÃO','CCOMP2N03A',3),(717,'CIÊNCIA DA COMPUTAÇÃO','CCOMVON07A',7),(718,'CIÊNCIA DA COMPUTAÇÃO','CCOMPAM05A',5),(719,'CIÊNCIA DA COMPUTAÇÃO','CCOMVON01A',1),(720,'CIÊNCIA DA COMPUTAÇÃO','CCOMVON03A',3),(721,'CIÊNCIA DA COMPUTAÇÃO','CCOMPAM04A',4),(722,'CIÊNCIA DA COMPUTAÇÃO','CCOMP2N07A',7),(723,'CIÊNCIA DA COMPUTAÇÃO','CCOMVON03A',3),(724,'CIÊNCIA DA COMPUTAÇÃO','CCOMPAM02A',2),(725,'CIÊNCIA DA COMPUTAÇÃO','CCOMP2N03A',3),(726,'CIÊNCIA DA COMPUTAÇÃO','CCOMP2N05A',5),(727,'CIÊNCIA DA COMPUTAÇÃO','CCOMP2N01A',1),(728,'CIÊNCIA DA COMPUTAÇÃO','CCOMP2N07A',7),(729,'CIÊNCIA DA COMPUTAÇÃO','CCOMP2N01A',1),(730,'CIÊNCIA DA COMPUTAÇÃO','CCOMP2N07A',7),(731,'CIÊNCIA DA COMPUTAÇÃO','CCOMPAM01A',1),(732,'CIÊNCIA DA COMPUTAÇÃO','CCOMPAM01A',1),(733,'CIÊNCIA DA COMPUTAÇÃO','ASSIGNAR',8),(734,'CIÊNCIA DA COMPUTAÇÃO','CCOMVON01A',1),(735,'CIÊNCIA DA COMPUTAÇÃO','CCOMP2N02A',2),(736,'CIÊNCIA DA COMPUTAÇÃO','CCOMP2N07A',7),(737,'CIÊNCIA DA COMPUTAÇÃO','CCOMP2N05A',5),(738,'CIÊNCIA DA COMPUTAÇÃO','CCOMP2N01A',1),(739,'CIÊNCIA DA COMPUTAÇÃO','CCOMPAM03A',3),(740,'CIÊNCIA DA COMPUTAÇÃO','CCOMPAM03A',3),(741,'CIÊNCIA DA COMPUTAÇÃO','CCOMVON03A',3),(742,'CIÊNCIA DA COMPUTAÇÃO','CCOMVON03A',3),(743,'CIÊNCIA DA COMPUTAÇÃO','CCOMVON05A',5),(744,'CIÊNCIA DA COMPUTAÇÃO','CCOMPAM03A',3),(745,'CIÊNCIA DA COMPUTAÇÃO','CCOMPAM03A',3),(746,'CIÊNCIA DA COMPUTAÇÃO','CCOMP2N01A',1),(747,'CIÊNCIA DA COMPUTAÇÃO','CCOMPAM05A',5),(748,'CIÊNCIA DA COMPUTAÇÃO','CCOMPAM05A',5),(749,'CIÊNCIA DA COMPUTAÇÃO','CCOMP2N03A',3),(750,'CIÊNCIA DA COMPUTAÇÃO','CCOMPAM03A',3),(751,'CIÊNCIA DA COMPUTAÇÃO','CCOMPAM05A',5),(752,'CIÊNCIA DA COMPUTAÇÃO','CCOMVON01A',1),(753,'CIÊNCIA DA COMPUTAÇÃO','CCOMP2N05A',5),(754,'CIÊNCIA DA COMPUTAÇÃO','CCOMP2N01A',1),(755,'CIÊNCIA DA COMPUTAÇÃO','CCOMPAM02A',2),(756,'CIÊNCIA DA COMPUTAÇÃO','CCOMPAM05A',5),(757,'CIÊNCIA DA COMPUTAÇÃO','CCOMP2N07A',7),(758,'CIÊNCIA DA COMPUTAÇÃO','CCOMPAM03A',3),(759,'CIÊNCIA DA COMPUTAÇÃO','CCOMPAM01A',1),(760,'CIÊNCIA DA COMPUTAÇÃO','CCOMPAM05A',5),(761,'CIÊNCIA DA COMPUTAÇÃO','CCOMP2N01A',1),(762,'CIÊNCIA DA COMPUTAÇÃO','ASSIGNAR',8),(763,'CIÊNCIA DA COMPUTAÇÃO','CCOMPAM02A',2),(764,'CIÊNCIA DA COMPUTAÇÃO','CCOMVON07A',7),(765,'CIÊNCIA DA COMPUTAÇÃO','ASSIGNAR',8),(766,'CIÊNCIA DA COMPUTAÇÃO','CCOMPAM04A',4),(767,'CIÊNCIA DA COMPUTAÇÃO','ASSIGNAR',8),(768,'CIÊNCIA DA COMPUTAÇÃO','ASSIGNAR',8),(769,'CIÊNCIA DA COMPUTAÇÃO','CCOMPAM05A',5),(770,'CIÊNCIA DA COMPUTAÇÃO','CCOMVON05A',5),(771,'CIÊNCIA DA COMPUTAÇÃO','CCOMVON02A',2),(772,'CIÊNCIA DA COMPUTAÇÃO','CCOMPAM03A',3),(773,'CIÊNCIA DA COMPUTAÇÃO','CCOMVON07A',7),(774,'CIÊNCIA DA COMPUTAÇÃO','CCOMVON07A',7),(775,'CIÊNCIA DA COMPUTAÇÃO','CCOMVON07A',7),(776,'CIÊNCIA DA COMPUTAÇÃO','CCOMP2N05A',5),(777,'CIÊNCIA DA COMPUTAÇÃO','CCOMP2N01A',1),(778,'CIÊNCIA DA COMPUTAÇÃO','CCOMVON05A',5),(779,'CIÊNCIA DA COMPUTAÇÃO','CCOMPAM02A',2),(780,'CIÊNCIA DA COMPUTAÇÃO','CCOMVON07A',7),(781,'CIÊNCIA DA COMPUTAÇÃO','CCOMVON05A',5),(782,'CIÊNCIA DA COMPUTAÇÃO','CCOMP2N05A',5),(783,'CIÊNCIA DA COMPUTAÇÃO','CCOMPAM01A',1),(784,'CIÊNCIA DA COMPUTAÇÃO','CCOMP2N02A',2),(785,'CIÊNCIA DA COMPUTAÇÃO','CCOMP2N01A',1),(786,'CIÊNCIA DA COMPUTAÇÃO','CCOMPAM01A',1),(787,'CIÊNCIA DA COMPUTAÇÃO','CCOMPAM02A',2),(788,'CIÊNCIA DA COMPUTAÇÃO','CCOMPAM05A',5),(789,'CIÊNCIA DA COMPUTAÇÃO','CCOMPAM02A',2),(790,'CIÊNCIA DA COMPUTAÇÃO','CCOMPAM05A',5),(791,'CIÊNCIA DA COMPUTAÇÃO','CCOMPAM01A',1),(792,'CIÊNCIA DA COMPUTAÇÃO','CCOMPAM02A',2),(793,'CIÊNCIA DA COMPUTAÇÃO','CCOMPAM01A',1),(794,'CIÊNCIA DA COMPUTAÇÃO','CCOMPAM04A',4),(795,'CIÊNCIA DA COMPUTAÇÃO','CCOMPAM01A',1),(796,'CIÊNCIA DA COMPUTAÇÃO','CCOMPAM05A',5),(797,'CIÊNCIA DA COMPUTAÇÃO','CCOMPAM06A',6),(798,'CIÊNCIA DA COMPUTAÇÃO','CCOMPAM04A',4),(799,'CIÊNCIA DA COMPUTAÇÃO','CCOMPAM04A',4),(800,'CIÊNCIA DA COMPUTAÇÃO','CCOMPAM02A',2),(801,'CIÊNCIA DA COMPUTAÇÃO','CCOMPAM04A',4),(802,'CIÊNCIA DA COMPUTAÇÃO','CCOMPAM02A',2),(803,'CIÊNCIA DA COMPUTAÇÃO','CCOMPAM02A',2),(804,'CIÊNCIA DA COMPUTAÇÃO','CCOMPAM05A',5),(805,'CIÊNCIA DA COMPUTAÇÃO','CCOMPAM02A',2),(806,'CIÊNCIA DA COMPUTAÇÃO','CCOMPAM02A',2),(807,'CIÊNCIA DA COMPUTAÇÃO','CCOMPAM05A',5),(808,'CIÊNCIA DA COMPUTAÇÃO','CCOMPAM02A',2),(809,'CIÊNCIA DA COMPUTAÇÃO','CCOMPAM04A',4),(810,'CIÊNCIA DA COMPUTAÇÃO','CCOMPAM04A',4),(811,'CIÊNCIA DA COMPUTAÇÃO','CCOMPAM06A',6),(812,'CIÊNCIA DA COMPUTAÇÃO','CCOMPAM02A',2),(813,'CIÊNCIA DA COMPUTAÇÃO','CCOMPAM02A',2),(814,'CIÊNCIA DA COMPUTAÇÃO','CCOMPAM02A',2),(815,'CIÊNCIA DA COMPUTAÇÃO','CCOMPAM02A',2),(816,'CIÊNCIA DA COMPUTAÇÃO','CCOMPAM04A',4),(817,'CIÊNCIA DA COMPUTAÇÃO','CCOMPAM02A',2),(818,'CIÊNCIA DA COMPUTAÇÃO','CCOMPAM04A',4),(819,'CIÊNCIA DA COMPUTAÇÃO','CCOMPAM04A',4),(820,'CIÊNCIA DA COMPUTAÇÃO','CCOMPAM04A',4),(821,'CIÊNCIA DA COMPUTAÇÃO','CCOMPAM04A',4),(822,'CIÊNCIA DA COMPUTAÇÃO','CCOMPAM05A',5),(823,'CIÊNCIA DA COMPUTAÇÃO','CCOMPAM02A',2),(824,'CIÊNCIA DA COMPUTAÇÃO','CCOMPAM02A',2),(825,'CIÊNCIA DA COMPUTAÇÃO','CCOMPAM04A',4),(826,'CIÊNCIA DA COMPUTAÇÃO','CCOMPAM06A',6),(827,'CIÊNCIA DA COMPUTAÇÃO','CCOMPAM01A',1),(828,'CIÊNCIA DA COMPUTAÇÃO','CCOMPAM04A',4),(829,'CIÊNCIA DA COMPUTAÇÃO','CCOMPAM02A',2),(830,'CIÊNCIA DA COMPUTAÇÃO','CCOMPAM01A',1),(831,'CIÊNCIA DA COMPUTAÇÃO','CCOMPAM01A',1),(832,'CIÊNCIA DA COMPUTAÇÃO','CCOMPAM01A',1),(833,'CIÊNCIA DA COMPUTAÇÃO','CCOMPAM04A',4),(834,'CIÊNCIA DA COMPUTAÇÃO','CCOMPAM05A',5),(835,'CIÊNCIA DA COMPUTAÇÃO','CCOMPAM04A',4),(836,'CIÊNCIA DA COMPUTAÇÃO','CCOMPAM01A',1),(837,'CIÊNCIA DA COMPUTAÇÃO','CCOMPAM02A',2),(838,'CIÊNCIA DA COMPUTAÇÃO','CCOMPAM06A',6),(839,'CIÊNCIA DA COMPUTAÇÃO','CCOMPAM02A',2),(840,'CIÊNCIA DA COMPUTAÇÃO','CCOMPAM01A',1),(841,'CIÊNCIA DA COMPUTAÇÃO','CCOMPAM02A',2),(842,'CIÊNCIA DA COMPUTAÇÃO','CCOMPAM06A',6),(843,'CIÊNCIA DA COMPUTAÇÃO','CCOMPAM01A',1),(844,'CIÊNCIA DA COMPUTAÇÃO','CCOMPAM04A',4),(845,'CIÊNCIA DA COMPUTAÇÃO','CCOMPAM04A',4),(846,'CIÊNCIA DA COMPUTAÇÃO','CCOMPAM02A',2),(847,'CIÊNCIA DA COMPUTAÇÃO','CCOMPAM06A',6),(848,'CIÊNCIA DA COMPUTAÇÃO','CCOMPAM02A',2),(849,'CIÊNCIA DA COMPUTAÇÃO','CCOMPAM02A',2),(850,'CIÊNCIA DA COMPUTAÇÃO','CCOMPAM04A',4),(851,'CIÊNCIA DA COMPUTAÇÃO','CCOMPAM04A',4),(852,'CIÊNCIA DA COMPUTAÇÃO','CCOMPAM04A',4),(853,'CIÊNCIA DA COMPUTAÇÃO','CCOMPAM04A',4),(854,'CIÊNCIA DA COMPUTAÇÃO','CCOMPAM05A',5),(855,'CIÊNCIA DA COMPUTAÇÃO','CCOMPAM02A',2),(856,'CIÊNCIA DA COMPUTAÇÃO','CCOMPAM04A',4),(857,'CIÊNCIA DA COMPUTAÇÃO','CCOMPAM04A',4),(858,'CIÊNCIA DA COMPUTAÇÃO','CCOMPAM01A',1),(859,'CIÊNCIA DA COMPUTAÇÃO','CCOMPAM02A',2),(860,'CIÊNCIA DA COMPUTAÇÃO','CCOMPAM02A',2),(861,'CIÊNCIA DA COMPUTAÇÃO','CCOMPAM04A',4),(862,'CIÊNCIA DA COMPUTAÇÃO','CCOMPAM04A',4),(863,'CIÊNCIA DA COMPUTAÇÃO','CCOMPAM04A',4),(864,'CIÊNCIA DA COMPUTAÇÃO','CCOMPAM06A',6),(865,'CIÊNCIA DA COMPUTAÇÃO','CCOMPAM02A',2),(866,'CIÊNCIA DA COMPUTAÇÃO','CCOMPAM01A',1),(867,'CIÊNCIA DA COMPUTAÇÃO','CCOMPAM02A',2),(868,'CIÊNCIA DA COMPUTAÇÃO','CCOMPAM05A',5),(869,'CIÊNCIA DA COMPUTAÇÃO','CCOMPAM04A',4),(870,'CIÊNCIA DA COMPUTAÇÃO','CCOMPAM02A',2),(871,'CIÊNCIA DA COMPUTAÇÃO','CCOMPAM02A',2),(872,'CIÊNCIA DA COMPUTAÇÃO','CCOMPAM02A',2),(873,'CIÊNCIA DA COMPUTAÇÃO','CCOMPAM05A',5),(874,'CIÊNCIA DA COMPUTAÇÃO','CCOMPAM04A',4),(875,'CIÊNCIA DA COMPUTAÇÃO','CCOMPAM04A',4),(876,'CIÊNCIA DA COMPUTAÇÃO','CCOMPAM04A',4),(877,'CIÊNCIA DA COMPUTAÇÃO','CCOMPAM04A',4),(878,'CIÊNCIA DA COMPUTAÇÃO','CCOMPAM02A',2),(879,'CIÊNCIA DA COMPUTAÇÃO','CCOMPAM01A',1),(880,'CIÊNCIA DA COMPUTAÇÃO','CCOMPAM01A',1),(881,'CIÊNCIA DA COMPUTAÇÃO','CCOMPAM05A',5),(882,'CIÊNCIA DA COMPUTAÇÃO','CCOMPAM06A',6),(883,'CIÊNCIA DA COMPUTAÇÃO','CCOMPAM01A',1),(884,'CIÊNCIA DA COMPUTAÇÃO','CCOMPAM04A',4),(885,'CIÊNCIA DA COMPUTAÇÃO','CCOMPAM01A',1),(886,'CIÊNCIA DA COMPUTAÇÃO','CCOMPAM04A',4),(887,'CIÊNCIA DA COMPUTAÇÃO','CCOMPAM01A',1),(888,'CIÊNCIA DA COMPUTAÇÃO','CCOMPAM01A',1),(889,'CIÊNCIA DA COMPUTAÇÃO','CCOMPAM02A',2),(890,'CIÊNCIA DA COMPUTAÇÃO','CCOMPAM02A',2),(891,'CIÊNCIA DA COMPUTAÇÃO','CCOMPAM02A',2),(892,'CIÊNCIA DA COMPUTAÇÃO','CCOMPAM04A',4),(893,'CIÊNCIA DA COMPUTAÇÃO','CCOMPAM02A',2),(894,'CIÊNCIA DA COMPUTAÇÃO','CCOMPAM04A',4),(895,'CIÊNCIA DA COMPUTAÇÃO','CCOMPAM01A',1),(896,'CIÊNCIA DA COMPUTAÇÃO','CCOMPAM02A',2),(897,'CIÊNCIA DA COMPUTAÇÃO','CCOMPAM06A',6),(898,'CIÊNCIA DA COMPUTAÇÃO','CCOMPAM01A',1),(899,'CIÊNCIA DA COMPUTAÇÃO','CCOMPAM01A',1),(900,'CIÊNCIA DA COMPUTAÇÃO','CCOMPAM04A',4),(901,'CIÊNCIA DA COMPUTAÇÃO','CCOMPAM06A',6),(902,'CIÊNCIA DA COMPUTAÇÃO','CCOMPAM06A',6),(903,'CIÊNCIA DA COMPUTAÇÃO','CCOMPAM02A',2),(904,'CIÊNCIA DA COMPUTAÇÃO','CCOMPAM02A',2),(905,'CIÊNCIA DA COMPUTAÇÃO','CCOMPAM01A',1),(906,'CIÊNCIA DA COMPUTAÇÃO','CCOMPAM04A',4),(907,'CIÊNCIA DA COMPUTAÇÃO','CCOMPAM04A',4),(908,'CIÊNCIA DA COMPUTAÇÃO','CCOMPAM04A',4),(909,'CIÊNCIA DA COMPUTAÇÃO','CCOMPAM06A',6),(910,'CIÊNCIA DA COMPUTAÇÃO','CCOMPAM01A',1),(911,'CIÊNCIA DA COMPUTAÇÃO','CCOMPAM04A',4),(912,'CIÊNCIA DA COMPUTAÇÃO','CCOMPAM06A',6),(913,'CIÊNCIA DA COMPUTAÇÃO','CCOMPAM06A',6),(914,'CIÊNCIA DA COMPUTAÇÃO','CCOMPAM04A',4),(915,'CIÊNCIA DA COMPUTAÇÃO','CCOMPAM02A',2),(916,'CIÊNCIA DA COMPUTAÇÃO','CCOMPAM01A',1),(917,'CIÊNCIA DA COMPUTAÇÃO','CCOMPAM06A',6),(918,'CIÊNCIA DA COMPUTAÇÃO','CCOMPAM04A',4),(919,'CIÊNCIA DA COMPUTAÇÃO','CCOMPAM05A',5),(920,'CIÊNCIA DA COMPUTAÇÃO','CCOMPAM06A',6),(921,'CIÊNCIA DA COMPUTAÇÃO','CCOMPAM04A',4),(922,'CIÊNCIA DA COMPUTAÇÃO','CCOMPAM02A',2),(923,'CIÊNCIA DA COMPUTAÇÃO','SIVON06',6),(924,'CIÊNCIA DA COMPUTAÇÃO','SIVON07',7),(925,'CIÊNCIA DA COMPUTAÇÃO','CCOMP2N04A',4),(926,'CIÊNCIA DA COMPUTAÇÃO','CCOMVON01A',1),(927,'CIÊNCIA DA COMPUTAÇÃO','CCOMVON06A',6),(928,'CIÊNCIA DA COMPUTAÇÃO','CCOMP2N01A',1),(929,'CIÊNCIA DA COMPUTAÇÃO','CCOMP2N04A',4),(930,'CIÊNCIA DA COMPUTAÇÃO','CCOMP2N01A',1),(931,'CIÊNCIA DA COMPUTAÇÃO','CCOMVON06A',6),(932,'CIÊNCIA DA COMPUTAÇÃO','CCOMVON04A',4),(933,'CIÊNCIA DA COMPUTAÇÃO','CCOMP2N06A',6),(934,'CIÊNCIA DA COMPUTAÇÃO','CCOMP2N02A',2),(935,'CIÊNCIA DA COMPUTAÇÃO','CCOMP2N02A',2),(936,'CIÊNCIA DA COMPUTAÇÃO','CCOMVON06A',6),(937,'CIÊNCIA DA COMPUTAÇÃO','CCOMP2N02A',2),(938,'CIÊNCIA DA COMPUTAÇÃO','CCOMVON06A',6),(939,'CIÊNCIA DA COMPUTAÇÃO','CCOMP2N04A',4),(940,'CIÊNCIA DA COMPUTAÇÃO','CCOMP2N01A',1),(941,'CIÊNCIA DA COMPUTAÇÃO','CCOMVON02A',2),(942,'CIÊNCIA DA COMPUTAÇÃO','CCOMVON06A',6),(943,'CIÊNCIA DA COMPUTAÇÃO','CCOMP2N04A',4),(944,'CIÊNCIA DA COMPUTAÇÃO','CCOMP2N06A',6),(945,'CIÊNCIA DA COMPUTAÇÃO','CCOMVON02A',2),(946,'CIÊNCIA DA COMPUTAÇÃO','CCOMP2N06A',6),(947,'CIÊNCIA DA COMPUTAÇÃO','CCOMVON06A',6),(948,'CIÊNCIA DA COMPUTAÇÃO','CCOMVON04A',4),(949,'CIÊNCIA DA COMPUTAÇÃO','CCOMVON02A',2),(950,'CIÊNCIA DA COMPUTAÇÃO','CCOMVON02A',2),(951,'CIÊNCIA DA COMPUTAÇÃO','CCOMP2N06A',6),(952,'CIÊNCIA DA COMPUTAÇÃO','CCOMP2N06A',6),(953,'CIÊNCIA DA COMPUTAÇÃO','CCOMVON04A',4),(954,'CIÊNCIA DA COMPUTAÇÃO','CCOMVON04A',4),(955,'CIÊNCIA DA COMPUTAÇÃO','CCOMVON04A',4),(956,'CIÊNCIA DA COMPUTAÇÃO','CCOMP2N01A',1),(957,'CIÊNCIA DA COMPUTAÇÃO','CCOMP2N06A',6),(958,'CIÊNCIA DA COMPUTAÇÃO','CCOMP2N06A',6),(959,'CIÊNCIA DA COMPUTAÇÃO','CCOMP2N01A',1),(960,'CIÊNCIA DA COMPUTAÇÃO','CCOMVON01A',1),(961,'CIÊNCIA DA COMPUTAÇÃO','CCOMP2N02A',2),(962,'CIÊNCIA DA COMPUTAÇÃO','CCOMP2N04A',4),(963,'CIÊNCIA DA COMPUTAÇÃO','CCOMVON02A',2),(964,'CIÊNCIA DA COMPUTAÇÃO','CCOMVON04A',4),(965,'CIÊNCIA DA COMPUTAÇÃO','CCOMP2N02A',2),(966,'CIÊNCIA DA COMPUTAÇÃO','CCOMVON02A',2),(967,'CIÊNCIA DA COMPUTAÇÃO','CCOMP2N04A',4),(968,'CIÊNCIA DA COMPUTAÇÃO','CCOMVON02A',2),(969,'CIÊNCIA DA COMPUTAÇÃO','CCOMP2N06A',6),(970,'CIÊNCIA DA COMPUTAÇÃO','CCOMP2N06A',6),(971,'CIÊNCIA DA COMPUTAÇÃO','CCOMP2N02A',2),(972,'CIÊNCIA DA COMPUTAÇÃO','CCOMP2N04A',4),(973,'CIÊNCIA DA COMPUTAÇÃO','CCOMVON06A',6),(974,'CIÊNCIA DA COMPUTAÇÃO','CCOMVON02A',2),(975,'CIÊNCIA DA COMPUTAÇÃO','CCOMP2N04A',4),(976,'CIÊNCIA DA COMPUTAÇÃO','CCOMP2N01A',1),(977,'CIÊNCIA DA COMPUTAÇÃO','CCOMVON01A',1),(978,'CIÊNCIA DA COMPUTAÇÃO','CCOMP2N06A',6),(979,'CIÊNCIA DA COMPUTAÇÃO','CCOMP2N02A',2),(980,'CIÊNCIA DA COMPUTAÇÃO','CCOMP2N06A',6),(981,'CIÊNCIA DA COMPUTAÇÃO','CCOMP2N01A',1),(982,'CIÊNCIA DA COMPUTAÇÃO','CCOMP2N02A',2),(983,'CIÊNCIA DA COMPUTAÇÃO','CCOMVON06A',6),(984,'CIÊNCIA DA COMPUTAÇÃO','CCOMVON02A',2),(985,'CIÊNCIA DA COMPUTAÇÃO','CCOMVON01A',1),(986,'CIÊNCIA DA COMPUTAÇÃO','CCOMP2N02A',2),(987,'CIÊNCIA DA COMPUTAÇÃO','CCOMP2N06A',6),(988,'CIÊNCIA DA COMPUTAÇÃO','CCOMVON04A',4),(989,'CIÊNCIA DA COMPUTAÇÃO','CCOMVON04A',4),(990,'CIÊNCIA DA COMPUTAÇÃO','CCOMP2N04A',4),(991,'CIÊNCIA DA COMPUTAÇÃO','CCOMP2N06A',6),(992,'CIÊNCIA DA COMPUTAÇÃO','CCOMVON04A',4),(993,'CIÊNCIA DA COMPUTAÇÃO','CCOMVON04A',4),(994,'CIÊNCIA DA COMPUTAÇÃO','CCOMVON04A',4),(995,'CIÊNCIA DA COMPUTAÇÃO','CCOMVON02A',2),(996,'CIÊNCIA DA COMPUTAÇÃO','CCOMVON01A',1),(997,'CIÊNCIA DA COMPUTAÇÃO','CCOMP2N02A',2),(998,'CIÊNCIA DA COMPUTAÇÃO','CCOMVON02A',2),(999,'CIÊNCIA DA COMPUTAÇÃO','CCOMP2N06A',6),(1000,'CIÊNCIA DA COMPUTAÇÃO','CCOMP2N04A',4),(1001,'CIÊNCIA DA COMPUTAÇÃO','CCOMVON02A',2),(1002,'CIÊNCIA DA COMPUTAÇÃO','CCOMVON02A',2),(1003,'CIÊNCIA DA COMPUTAÇÃO','CCOMVON06A',6),(1004,'CIÊNCIA DA COMPUTAÇÃO','CCOMVON06A',6),(1005,'CIÊNCIA DA COMPUTAÇÃO','CCOMP2N04A',4),(1006,'CIÊNCIA DA COMPUTAÇÃO','CCOMP2N02A',2),(1007,'CIÊNCIA DA COMPUTAÇÃO','CCOMP2N02A',2),(1008,'CIÊNCIA DA COMPUTAÇÃO','CCOMP2N02A',2),(1009,'CIÊNCIA DA COMPUTAÇÃO','CCOMVON04A',4),(1010,'CIÊNCIA DA COMPUTAÇÃO','CCOMP2N01A',1),(1011,'CIÊNCIA DA COMPUTAÇÃO','CCOMVON01A',1),(1012,'CIÊNCIA DA COMPUTAÇÃO','CCOMP2N02A',2),(1013,'CIÊNCIA DA COMPUTAÇÃO','CCOMVON06A',6),(1014,'CIÊNCIA DA COMPUTAÇÃO','CCOMVON01A',1),(1015,'CIÊNCIA DA COMPUTAÇÃO','CCOMVON02A',2),(1016,'CIÊNCIA DA COMPUTAÇÃO','CCOMP2N02A',2),(1017,'CIÊNCIA DA COMPUTAÇÃO','CCOMVON01A',1),(1018,'CIÊNCIA DA COMPUTAÇÃO','CCOMP2N04A',4),(1019,'CIÊNCIA DA COMPUTAÇÃO','CCOMP2N04A',4),(1020,'CIÊNCIA DA COMPUTAÇÃO','CCOMP2N02A',2),(1021,'CIÊNCIA DA COMPUTAÇÃO','CCOMP2N04A',4),(1022,'CIÊNCIA DA COMPUTAÇÃO','CCOMVON04A',4),(1023,'CIÊNCIA DA COMPUTAÇÃO','CCOMP2N02A',2),(1024,'CIÊNCIA DA COMPUTAÇÃO','CCOMP2N02A',2),(1025,'CIÊNCIA DA COMPUTAÇÃO','CCOMP2N02A',2),(1026,'CIÊNCIA DA COMPUTAÇÃO','CCOMVON04A',4),(1027,'CIÊNCIA DA COMPUTAÇÃO','CCOMVON02A',2),(1028,'CIÊNCIA DA COMPUTAÇÃO','CCOMVON01A',1),(1029,'CIÊNCIA DA COMPUTAÇÃO','CCOMP2N02A',2),(1030,'CIÊNCIA DA COMPUTAÇÃO','CCOMVON04A',4),(1031,'CIÊNCIA DA COMPUTAÇÃO','CCOMP2N04A',4),(1032,'CIÊNCIA DA COMPUTAÇÃO','CCOMP2N04A',4),(1033,'CIÊNCIA DA COMPUTAÇÃO','CCOMP2N04A',4),(1034,'CIÊNCIA DA COMPUTAÇÃO','CCOMP2N04A',4),(1035,'CIÊNCIA DA COMPUTAÇÃO','CCOMVON02A',2),(1036,'CIÊNCIA DA COMPUTAÇÃO','CCOMP2N06A',6),(1037,'CIÊNCIA DA COMPUTAÇÃO','CCOMVON02A',2),(1038,'CIÊNCIA DA COMPUTAÇÃO','CCOMP2N06A',6),(1039,'CIÊNCIA DA COMPUTAÇÃO','CCOMVON02A',2),(1040,'CIÊNCIA DA COMPUTAÇÃO','CCOMP2N04A',4),(1041,'CIÊNCIA DA COMPUTAÇÃO','CCOMVON06A',6),(1042,'CIÊNCIA DA COMPUTAÇÃO','CCOMVON04A',4),(1043,'CIÊNCIA DA COMPUTAÇÃO','CCOMP2N02A',2),(1044,'CIÊNCIA DA COMPUTAÇÃO','CCOMVON02A',2),(1045,'CIÊNCIA DA COMPUTAÇÃO','CCOMP2N04A',4),(1046,'CIÊNCIA DA COMPUTAÇÃO','CCOMP2N04A',4),(1047,'CIÊNCIA DA COMPUTAÇÃO','CCOMP2N01A',1),(1048,'CIÊNCIA DA COMPUTAÇÃO','CCOMP2N06A',6),(1049,'CIÊNCIA DA COMPUTAÇÃO','CCOMVON02A',2),(1050,'CIÊNCIA DA COMPUTAÇÃO','CCOMP2N04A',4),(1051,'CIÊNCIA DA COMPUTAÇÃO','ASSIGNAR',3),(1052,'CIÊNCIA DA COMPUTAÇÃO','CCOMP2N02A',2),(1053,'CIÊNCIA DA COMPUTAÇÃO','CCOMP2N04A',4),(1054,'CIÊNCIA DA COMPUTAÇÃO','CCOMVON04A',4),(1055,'CIÊNCIA DA COMPUTAÇÃO','CCOMP2N02A',2),(1056,'CIÊNCIA DA COMPUTAÇÃO','CCOMVON06A',6),(1057,'CIÊNCIA DA COMPUTAÇÃO','CCOMVON06A',6),(1058,'CIÊNCIA DA COMPUTAÇÃO','CCOMP2N04A',4),(1059,'CIÊNCIA DA COMPUTAÇÃO','CCOMP2N02A',2),(1060,'CIÊNCIA DA COMPUTAÇÃO','CCOMP2N06A',6),(1061,'CIÊNCIA DA COMPUTAÇÃO','CCOMP2N06A',6),(1062,'CIÊNCIA DA COMPUTAÇÃO','CCOMVON04A',4),(1063,'CIÊNCIA DA COMPUTAÇÃO','CCOMP2N01A',1),(1064,'CIÊNCIA DA COMPUTAÇÃO','CCOMVON04A',4),(1065,'CIÊNCIA DA COMPUTAÇÃO','CCOMVON04A',4),(1066,'CIÊNCIA DA COMPUTAÇÃO','CCOMVON06A',6),(1067,'CIÊNCIA DA COMPUTAÇÃO','CCOMVON02A',2),(1068,'CIÊNCIA DA COMPUTAÇÃO','CCOMVON01A',1),(1069,'CIÊNCIA DA COMPUTAÇÃO','CCOMP2N02A',2),(1070,'CIÊNCIA DA COMPUTAÇÃO','CCOMVON04A',4),(1071,'CIÊNCIA DA COMPUTAÇÃO','CCOMVON04A',4),(1072,'CIÊNCIA DA COMPUTAÇÃO','CCOMVON06A',6),(1073,'CIÊNCIA DA COMPUTAÇÃO','CCOMVON06A',6),(1074,'CIÊNCIA DA COMPUTAÇÃO','CCOMVON02A',2),(1075,'CIÊNCIA DA COMPUTAÇÃO','CCOMP2N02A',2),(1076,'CIÊNCIA DA COMPUTAÇÃO','CCOMVON02A',2),(1077,'CIÊNCIA DA COMPUTAÇÃO','CCOMVON02A',2),(1078,'CIÊNCIA DA COMPUTAÇÃO','CCOMVON04A',4),(1079,'CIÊNCIA DA COMPUTAÇÃO','CCOMVON02A',2),(1080,'CIÊNCIA DA COMPUTAÇÃO','CCOMVON02A',2),(1081,'CIÊNCIA DA COMPUTAÇÃO','CCOMVON06A',6),(1082,'CIÊNCIA DA COMPUTAÇÃO','CCOMP2N04A',4),(1083,'CIÊNCIA DA COMPUTAÇÃO','CCOMP2N02A',2),(1084,'CIÊNCIA DA COMPUTAÇÃO','CCOMVON06A',6),(1085,'CIÊNCIA DA COMPUTAÇÃO','CCOMVON04A',4),(1086,'CIÊNCIA DA COMPUTAÇÃO','CCOMVON02A',2),(1087,'CIÊNCIA DA COMPUTAÇÃO','CCOMP2N02A',2),(1088,'CIÊNCIA DA COMPUTAÇÃO','CCOMP2N04A',4),(1089,'CIÊNCIA DA COMPUTAÇÃO','ASSIGNAR',0),(1090,'CIÊNCIA DA COMPUTAÇÃO','CCOMP2N04A',4),(1091,'CIÊNCIA DA COMPUTAÇÃO','CCOMP2N04A',4),(1092,'CIÊNCIA DA COMPUTAÇÃO','CCOMVON02A',2),(1093,'CIÊNCIA DA COMPUTAÇÃO','CCOMP2N02A',2),(1094,'CIÊNCIA DA COMPUTAÇÃO','CCOMVON01A',1),(1095,'CIÊNCIA DA COMPUTAÇÃO','CCOMP2N06A',6),(1096,'CIÊNCIA DA COMPUTAÇÃO','CCOMP2N06A',6),(1097,'CIÊNCIA DA COMPUTAÇÃO','CCOMP2N02A',2),(1098,'CIÊNCIA DA COMPUTAÇÃO','CCOMP2N02A',2),(1099,'CIÊNCIA DA COMPUTAÇÃO','CCOMP2N06A',6),(1100,'CIÊNCIA DA COMPUTAÇÃO','CCOMVON01A',1),(1101,'CIÊNCIA DA COMPUTAÇÃO','CCOMVON06A',6),(1102,'CIÊNCIA DA COMPUTAÇÃO','CCOMP2N06A',6),(1103,'CIÊNCIA DA COMPUTAÇÃO','CCOMVON04A',4),(1104,'CIÊNCIA DA COMPUTAÇÃO','CCOMVON01A',1),(1105,'CIÊNCIA DA COMPUTAÇÃO','CCOMP2N04A',4),(1106,'CIÊNCIA DA COMPUTAÇÃO','CCOMVON02A',2),(1107,'CIÊNCIA DA COMPUTAÇÃO','CCOMVON06A',6),(1108,'CIÊNCIA DA COMPUTAÇÃO','CCOMVON04A',4),(1109,'CIÊNCIA DA COMPUTAÇÃO','CCOMP2N04A',4),(1110,'CIÊNCIA DA COMPUTAÇÃO','CCOMP2N02A',2),(1111,'CIÊNCIA DA COMPUTAÇÃO','CCOMP2N02A',2),(1112,'CIÊNCIA DA COMPUTAÇÃO','CCOMP2N01A',1),(1113,'CIÊNCIA DA COMPUTAÇÃO','CCOMVON01A',1),(1114,'CIÊNCIA DA COMPUTAÇÃO','CCOMVON02A',2),(1115,'CIÊNCIA DA COMPUTAÇÃO','CCOMP2N04A',4),(1116,'CIÊNCIA DA COMPUTAÇÃO','CCOMP2N06A',6),(1117,'CIÊNCIA DA COMPUTAÇÃO','CCOMP2N02A',2),(1118,'CIÊNCIA DA COMPUTAÇÃO','CCOMVON04A',4),(1119,'CIÊNCIA DA COMPUTAÇÃO','CCOMVON04A',4),(1120,'CIÊNCIA DA COMPUTAÇÃO','CCOMVON04A',4),(1121,'CIÊNCIA DA COMPUTAÇÃO','CCOMVON06A',6),(1122,'CIÊNCIA DA COMPUTAÇÃO','CCOMP2N02A',2),(1123,'CIÊNCIA DA COMPUTAÇÃO','CCOMP2N06A',6),(1124,'CIÊNCIA DA COMPUTAÇÃO','CCOMP2N04A',4),(1125,'CIÊNCIA DA COMPUTAÇÃO','CCOMVON02A',2),(1126,'CIÊNCIA DA COMPUTAÇÃO','CCOMP2N06A',6),(1127,'CIÊNCIA DA COMPUTAÇÃO','CCOMP2N02A',2),(1128,'CIÊNCIA DA COMPUTAÇÃO','CCOMP2N01A',1),(1129,'CIÊNCIA DA COMPUTAÇÃO','CCOMVON06A',6),(1130,'CIÊNCIA DA COMPUTAÇÃO','CCOMP2N06A',6),(1131,'CIÊNCIA DA COMPUTAÇÃO','CCOMP2N06A',6),(1132,'CIÊNCIA DA COMPUTAÇÃO','CCOMVON06A',6),(1133,'CIÊNCIA DA COMPUTAÇÃO','CCOMP2N06A',6),(1134,'CIÊNCIA DA COMPUTAÇÃO','CCOMP2N04A',4),(1135,'CIÊNCIA DA COMPUTAÇÃO','CCOMP2N02A',2),(1136,'CIÊNCIA DA COMPUTAÇÃO','SIVON08',8),(1137,'CIÊNCIA DA COMPUTAÇÃO','SIVON01',1),(1138,'CIÊNCIA DA COMPUTAÇÃO','SIVON03',3),(1139,'CIÊNCIA DA COMPUTAÇÃO','SIVON02',2),(1140,'CIÊNCIA DA COMPUTAÇÃO','SIVON05',5),(1141,'SISTEMA DE INFORMAÇÃO','SIVONO1A',1),(1142,'SISTEMA DE INFORMAÇÃO','SIVONO2A',2),(1143,'SISTEMA DE INFORMAÇÃO','SIVONO3A',3),(1144,'SISTEMA DE INFORMAÇÃO','SIVONO4A',4),(1145,'SISTEMA DE INFORMAÇÃO','SIVONO5A',5),(1146,'SISTEMA DE INFORMAÇÃO','SIVONO6A',6),(1147,'SISTEMA DE INFORMAÇÃO','SIVONO7A',7),(1148,'SISTEMA DE INFORMAÇÃO','SIVONO8A',8),(1149,'CIÊNCIA DA COMPUTAÇÃO','CCOVONO1A',1),(1150,'CIÊNCIA DA COMPUTAÇÃO','CCOVONO2A',2),(1151,'CIÊNCIA DA COMPUTAÇÃO','CCOVONO3A',3),(1152,'CIÊNCIA DA COMPUTAÇÃO','CCOVONO4A',4),(1153,'CIÊNCIA DA COMPUTAÇÃO','CCOVONO5A',5),(1154,'CIÊNCIA DA COMPUTAÇÃO','CCOVONO6A',6),(1155,'CIÊNCIA DA COMPUTAÇÃO','CCOVONO7A',7),(1156,'CIÊNCIA DA COMPUTAÇÃO','CCOVONO8A',8);
/*!40000 ALTER TABLE `curso` ENABLE KEYS */;
UNLOCK TABLES;

--
-- Table structure for table `materia`
--

DROP TABLE IF EXISTS `materia`;
/*!40101 SET @saved_cs_client     = @@character_set_client */;
/*!40101 SET character_set_client = utf8 */;
CREATE TABLE `materia` (
  `id` int(11) NOT NULL,
  `id_curso` int(11) NOT NULL,
  `id_professor` int(11) NOT NULL,
  `materia` varchar(45) DEFAULT NULL,
  PRIMARY KEY (`id`),
  KEY `id_curso` (`id_curso`),
  KEY `id_professor` (`id_professor`),
  CONSTRAINT `materia_ibfk_1` FOREIGN KEY (`id_curso`) REFERENCES `curso` (`id`),
  CONSTRAINT `materia_ibfk_2` FOREIGN KEY (`id_professor`) REFERENCES `professor` (`id`)
) ENGINE=InnoDB DEFAULT CHARSET=latin1;
/*!40101 SET character_set_client = @saved_cs_client */;

--
-- Dumping data for table `materia`
--

LOCK TABLES `materia` WRITE;
/*!40000 ALTER TABLE `materia` DISABLE KEYS */;
INSERT INTO `materia` VALUES (1,1,1,'BANCO DE DADOS'),(2,1,1,'SEGURANÇA DE INFORMAÇÃO GERENCIAL'),(3,1,1,'PROGRAMAÇÃO ORIENTADA A OBJETO'),(4,1,1,'POTA'),(5,2,2,'BANCO DE DADOS'),(6,2,2,'SEGURANÇA DE INFORMAÇÃO GERENCIAL'),(7,2,2,'PROGRAMAÇÃO ORIENTADA A OBJETO'),(8,2,2,'POTA'),(9,3,3,'BANCO DE DADOS'),(10,3,3,'SEGURANÇA DE INFORMAÇÃO GERENCIAL'),(11,3,3,'PROGRAMAÇÃO ORIENTADA A OBJETO'),(13,3,3,'POTA');
/*!40000 ALTER TABLE `materia` ENABLE KEYS */;
UNLOCK TABLES;

--
-- Table structure for table `professor`
--

DROP TABLE IF EXISTS `professor`;
/*!40101 SET @saved_cs_client     = @@character_set_client */;
/*!40101 SET character_set_client = utf8 */;
CREATE TABLE `professor` (
  `id` int(11) NOT NULL,
  `rp` int(11) NOT NULL,
  `pNome` varchar(45) NOT NULL,
  `sNome` varchar(45) NOT NULL,
  `email` varchar(45) DEFAULT NULL,
  `telefone` varchar(15) DEFAULT NULL,
  `mobile` varchar(15) DEFAULT NULL,
  PRIMARY KEY (`id`)
) ENGINE=InnoDB DEFAULT CHARSET=latin1;
/*!40101 SET character_set_client = @saved_cs_client */;

--
-- Dumping data for table `professor`
--

LOCK TABLES `professor` WRITE;
/*!40000 ALTER TABLE `professor` DISABLE KEYS */;
INSERT INTO `professor` VALUES (1,20198778,'IGOR','POMPEO TAVARES DE SOUZA','SEM@EMAIL.COM','0','0'),(2,20532190,'GABRIEL','RAMOS VIEIRA','SEM@EMAIL.COM','0','0'),(3,20766347,'CINTHYA','VIEIRA','SEM@EMAIL.COM','0','0'),(4,20882816,'THIAGO','BASILIO','SEM@EMAIL.COM','0','0');
/*!40000 ALTER TABLE `professor` ENABLE KEYS */;
UNLOCK TABLES;

--
-- Table structure for table `professor_prova`
--

DROP TABLE IF EXISTS `professor_prova`;
/*!40101 SET @saved_cs_client     = @@character_set_client */;
/*!40101 SET character_set_client = utf8 */;
CREATE TABLE `professor_prova` (
  `id_professor` int(11) NOT NULL,
  `id_prova` int(11) NOT NULL,
  KEY `id_professor` (`id_professor`),
  KEY `id_prova` (`id_prova`),
  CONSTRAINT `professor_prova_ibfk_1` FOREIGN KEY (`id_professor`) REFERENCES `professor` (`id`),
  CONSTRAINT `professor_prova_ibfk_2` FOREIGN KEY (`id_prova`) REFERENCES `prova` (`id`)
) ENGINE=InnoDB DEFAULT CHARSET=latin1;
/*!40101 SET character_set_client = @saved_cs_client */;

--
-- Dumping data for table `professor_prova`
--

LOCK TABLES `professor_prova` WRITE;
/*!40000 ALTER TABLE `professor_prova` DISABLE KEYS */;
INSERT INTO `professor_prova` VALUES (1,1),(2,2),(3,3),(4,4),(1,5),(2,6),(3,7),(4,8),(1,9),(2,10),(3,11),(4,12),(1,13),(2,14),(3,15),(4,16),(1,17),(2,18),(3,19),(4,20),(1,21),(2,22),(3,23),(4,24),(1,25),(2,26),(3,27),(4,28),(1,29),(2,30),(3,31),(4,32),(1,33),(2,34),(3,35),(4,36),(1,37),(2,38),(3,39),(4,40),(1,41),(2,42),(3,43),(4,44),(1,45),(2,46),(3,47),(4,48),(1,49),(2,50),(3,51),(4,52),(1,53),(2,54),(3,55),(4,56),(1,57),(2,58),(3,59),(4,60),(1,61),(2,62),(3,63),(4,64),(1,65),(2,66),(3,67),(4,68),(1,69),(2,70),(3,71),(4,72),(1,73),(2,74),(3,75),(4,76),(1,77),(2,78),(3,79),(4,80),(1,81),(2,82),(3,83),(4,84),(1,85),(2,86),(3,87),(4,88),(1,89),(2,90),(3,91),(4,92),(1,93),(2,94),(3,95),(4,96),(1,97),(2,98),(3,99),(4,100),(1,101),(2,102),(3,103),(4,104),(1,105),(2,106),(3,107),(4,108),(1,109),(2,110),(3,111),(4,112),(1,113),(2,114),(3,115),(4,116),(1,117),(2,118),(3,119),(4,120),(1,121),(2,122),(3,123),(4,124),(1,125),(2,126),(3,127),(4,128),(1,129),(2,130),(3,131),(4,132),(1,133),(2,134),(3,135),(4,136),(1,137),(2,138),(3,139),(4,140),(1,141),(2,142),(3,143),(4,144),(1,145),(2,146),(3,147),(4,148),(1,149),(2,150),(3,151),(4,152),(1,153),(2,154),(3,155),(4,156),(1,157),(2,158),(3,159),(4,160),(1,161),(2,162),(3,163),(4,164),(1,165),(2,166),(3,167),(4,168),(1,169),(2,170),(3,171),(4,172),(1,173),(2,174),(3,175),(4,176),(1,177),(2,178),(3,179),(4,180),(1,181),(2,182),(3,183),(4,184),(1,185),(2,186),(3,187),(4,188),(1,189),(2,190),(3,191),(4,192),(1,193),(2,194),(3,195),(4,196),(1,197),(2,198),(3,199),(4,200),(1,201),(2,202),(3,203),(4,204),(1,205),(2,206),(3,207),(4,208),(1,209),(2,210),(3,211),(4,212),(1,213),(2,214),(3,215),(4,216),(1,217),(2,218),(3,219),(4,220),(1,221),(2,222),(3,223),(4,224),(1,225),(2,226),(3,227),(4,228),(1,229),(2,230),(3,231),(4,232),(1,233),(2,234),(3,235),(4,236),(1,237),(2,238),(3,239),(4,240),(1,241),(2,242),(3,243),(4,244),(1,245),(2,246),(3,247),(4,248),(1,249),(2,250),(3,251),(4,252),(1,253),(2,254),(3,255),(4,256),(1,257),(2,258),(3,259),(4,260),(1,261),(2,262),(3,263),(4,264),(1,265),(2,266),(3,267),(4,268),(1,269),(2,270),(3,271),(4,272),(1,273),(2,274),(3,275),(4,276),(1,277),(2,278),(3,279),(4,280),(1,281),(2,282),(3,283),(4,284),(1,285),(2,286),(3,287),(4,288),(1,289),(2,290),(3,291),(4,292),(1,293),(2,294),(3,295),(4,296),(1,297),(2,298),(3,299),(4,300),(1,301),(2,302),(3,303),(4,304),(1,305),(2,306),(3,307),(4,308),(1,309),(2,310),(3,311),(4,312),(1,313),(2,314),(3,315),(4,316),(1,317),(2,318),(3,319),(4,320),(1,321),(2,322),(3,323),(4,324),(1,325),(2,326),(3,327),(4,328),(1,329),(2,330),(3,331),(4,332),(1,333),(2,334),(3,335),(4,336),(1,337),(2,338),(3,339),(4,340),(1,341),(2,342),(3,343),(4,344),(1,345),(2,346),(3,347),(4,348),(1,349),(2,350),(3,351),(4,352),(1,353),(2,354),(3,355),(4,356),(1,357),(2,358),(3,359),(4,360),(1,361),(2,362),(3,363),(4,364),(1,365),(2,366),(3,367),(4,368),(1,369),(2,370),(3,371),(4,372),(1,373),(2,374),(3,375),(4,376),(1,377),(2,378),(3,379),(4,380),(1,381),(2,382),(3,383),(4,384),(1,385),(2,386),(3,387),(4,388),(1,389),(2,390),(3,391),(4,392),(1,393),(2,394),(3,395),(4,396),(1,397),(2,398),(3,399),(4,400),(1,401),(2,402),(3,403),(4,404),(1,405),(2,406),(3,407),(4,408),(1,409),(2,410),(3,411),(4,412),(1,413),(2,414),(3,415),(4,416),(1,417),(2,418),(3,419),(4,420),(1,421),(2,422),(3,423),(4,424),(1,425),(2,426),(3,427),(4,428),(1,429),(2,430),(3,431),(4,432),(1,433),(2,434),(3,435),(4,436),(1,437),(2,438),(3,439),(4,440),(1,441),(2,442),(3,443),(4,444),(1,445),(2,446),(3,447),(4,448),(1,449),(2,450),(3,451),(4,452),(1,453),(2,454),(3,455),(4,456),(1,457),(2,458),(3,459),(4,460),(1,461),(2,462),(3,463),(4,464),(1,465),(2,466),(3,467),(4,468),(1,469),(2,470),(3,471),(4,472),(1,473),(2,474),(3,475),(4,476),(1,477),(2,478),(3,479),(4,480),(1,481),(2,482),(3,483),(4,484),(1,485),(2,486),(3,487),(4,488),(1,489),(2,490),(3,491),(4,492),(1,493),(2,494),(3,495),(4,496),(1,497),(2,498),(3,499),(4,500),(1,501),(2,502),(3,503),(4,504),(1,505),(2,506),(3,507),(4,508),(1,509),(2,510),(3,511),(4,512),(1,513),(2,514),(3,515),(4,516),(1,517),(2,518),(3,519),(4,520),(1,521),(2,522),(3,523),(4,524),(1,525),(2,526),(3,527),(4,528),(1,529),(2,530),(3,531),(4,532),(1,533),(2,534),(3,535),(4,536),(1,537),(2,538),(3,539),(4,540),(1,541),(2,542),(3,543),(4,544),(1,545),(2,546),(3,547),(4,548),(1,549),(2,550),(3,551),(4,552),(1,553),(2,554),(3,555),(4,556),(1,557),(2,558),(3,559),(4,560),(1,561),(2,562),(3,563),(4,564),(1,565),(2,566),(3,567),(4,568),(1,569),(2,570),(3,571),(4,572),(1,573),(2,574),(3,575),(4,576),(1,577),(2,578),(3,579),(4,580),(1,581),(2,582),(3,583),(4,584),(1,585),(2,586),(3,587),(4,588),(1,589),(2,590),(3,591),(4,592),(1,593),(2,594),(3,595),(4,596),(1,597),(2,598),(3,599),(4,600),(1,601),(2,602),(3,603),(4,604),(1,605),(2,606),(3,607),(4,608),(1,609),(2,610),(3,611),(4,612),(1,613),(2,614),(3,615),(4,616),(1,617),(2,618),(3,619),(4,620),(1,621),(2,622),(3,623),(4,624),(1,625),(2,626),(3,627),(4,628),(1,629),(2,630),(3,631),(4,632),(1,633),(2,634),(3,635),(4,636),(1,637),(2,638),(3,639),(4,640),(1,641),(2,642),(3,643),(4,644),(1,645),(2,646),(3,647),(4,648),(1,649),(2,650),(3,651),(4,652),(1,653),(2,654),(3,655),(4,656),(1,657),(2,658),(3,659),(4,660),(1,661),(2,662),(3,663),(4,664),(1,665),(2,666),(3,667),(4,668),(1,669),(2,670),(3,671),(4,672),(1,673),(2,674),(3,675),(4,676),(1,677),(2,678),(3,679),(4,680),(1,681),(2,682),(3,683),(4,684),(1,685),(2,686),(3,687),(4,688),(1,689),(2,690),(3,691),(4,692),(1,693),(2,694),(3,695),(4,696),(1,697),(2,698),(3,699),(4,700),(1,701),(2,702),(3,703),(4,704),(1,705),(2,706),(3,707),(4,708),(1,709),(2,710),(3,711),(4,712),(1,713),(2,714),(3,715),(4,716),(1,717),(2,718),(3,719),(4,720),(1,721),(2,722),(3,723),(4,724),(1,725),(2,726),(3,727),(4,728),(1,729),(2,730),(3,731),(4,732),(1,733),(2,734),(3,735),(4,736),(1,737),(2,738),(3,739),(4,740),(1,741),(2,742),(3,743),(4,744),(1,745),(2,746),(3,747),(4,748),(1,749),(2,750),(3,751),(4,752),(1,753),(2,754),(3,755),(4,756),(1,757),(2,758),(3,759),(4,760),(1,761),(2,762),(3,763),(4,764),(1,765),(2,766),(3,767),(4,768),(1,769),(2,770),(3,771),(4,772),(1,773),(2,774),(3,775),(4,776),(1,777),(2,778),(3,779),(4,780),(1,781),(2,782),(3,783),(4,784),(1,785),(2,786),(3,787),(4,788),(1,789),(2,790),(3,791),(4,792),(1,793),(2,794),(3,795),(4,796),(1,797),(2,798),(3,799),(4,800),(1,801),(2,802),(3,803),(4,804),(1,805),(2,806),(3,807),(4,808),(1,809),(2,810),(3,811),(4,812),(1,813),(2,814),(3,815),(4,816),(1,817),(2,818),(3,819),(4,820),(1,821),(2,822),(3,823),(4,824),(1,825),(2,826),(3,827),(4,828),(1,829),(2,830),(3,831),(4,832),(1,833),(2,834),(3,835),(4,836),(1,837),(2,838),(3,839),(4,840),(1,841),(2,842),(3,843),(4,844),(1,845),(2,846),(3,847),(4,848),(1,849),(2,850),(3,851),(4,852),(1,853),(2,854),(3,855),(4,856),(1,857),(2,858),(3,859),(4,860),(1,861),(2,862),(3,863),(4,864),(1,865),(2,866),(3,867),(4,868),(1,869),(2,870),(3,871),(4,872),(1,873),(2,874),(3,875),(4,876),(1,877),(2,878),(3,879),(4,880),(1,881),(2,882),(3,883),(4,884),(1,885),(2,886),(3,887),(4,888),(1,889),(2,890),(3,891),(4,892),(1,893),(2,894),(3,895),(4,896),(1,897),(2,898),(3,899),(4,900),(1,901),(2,902),(3,903),(4,904),(1,905),(2,906),(3,907),(4,908),(1,909),(2,910),(3,911),(4,912),(1,913),(2,914),(3,915),(4,916),(1,917),(2,918),(3,919),(4,920),(1,921),(2,922),(3,923),(4,924),(1,925),(2,926),(3,927),(4,928),(1,929),(2,930),(3,931),(4,932),(1,933),(2,934),(3,935),(4,936),(1,937),(2,938),(3,939),(4,940),(1,941),(2,942),(3,943),(4,944),(1,945),(2,946),(3,947),(4,948),(1,949),(2,950),(3,951),(4,952),(1,953),(2,954),(3,955),(4,956),(1,957),(2,958),(3,959),(4,960),(1,961),(2,962),(3,963),(4,964),(1,965),(2,966),(3,967),(4,968),(1,969),(2,970),(3,971),(4,972),(1,973),(2,974),(3,975),(4,976),(1,977),(2,978),(3,979),(4,980),(1,981),(2,982),(3,983),(4,984),(1,985),(2,986),(3,987),(4,988),(1,989),(2,990),(3,991),(4,992),(1,993),(2,994),(3,995),(4,996),(1,997),(2,998),(3,999),(4,1000),(1,1001),(2,1002),(3,1003),(4,1004),(1,1005),(2,1006),(3,1007),(4,1008),(1,1009),(2,1010),(3,1011),(4,1012),(1,1013),(2,1014),(3,1015),(4,1016),(1,1017),(2,1018),(3,1019),(4,1020),(1,1021),(2,1022),(3,1023),(4,1024),(1,1025),(2,1026),(3,1027),(4,1028),(1,1029),(2,1030),(3,1031),(4,1032),(1,1033),(2,1034),(3,1035),(4,1036),(1,1037),(2,1038),(3,1039),(4,1040),(1,1041),(2,1042),(3,1043),(4,1044),(1,1045),(2,1046),(3,1047),(4,1048),(1,1049),(2,1050),(3,1051),(4,1052),(1,1053),(2,1054),(3,1055),(4,1056),(1,1057),(2,1058),(3,1059),(4,1060),(1,1061),(2,1062),(3,1063),(4,1064),(1,1065),(2,1066),(3,1067),(4,1068),(1,1069),(2,1070),(3,1071),(4,1072),(1,1073),(2,1074),(3,1075),(4,1076),(1,1077),(2,1078),(3,1079),(4,1080),(1,1081),(2,1082),(3,1083),(4,1084),(1,1085),(2,1086),(3,1087),(4,1088),(1,1089),(2,1090),(3,1091),(4,1092),(1,1093),(2,1094),(3,1095),(4,1096),(1,1097),(2,1098),(3,1099),(4,1100),(1,1101),(2,1102),(3,1103),(4,1104),(1,1105),(2,1106),(3,1107),(4,1108),(1,1109),(2,1110),(3,1111),(4,1112),(1,1113),(2,1114),(3,1115),(4,1116),(1,1117),(2,1118),(3,1119),(4,1120),(1,1121),(2,1122),(3,1123),(4,1124),(1,1125),(2,1126),(3,1127),(4,1128),(1,1129),(2,1130),(3,1131),(4,1132),(1,1133),(2,1134),(3,1135),(4,1136),(1,1137),(2,1138),(3,1139),(4,1140);
/*!40000 ALTER TABLE `professor_prova` ENABLE KEYS */;
UNLOCK TABLES;

--
-- Table structure for table `prova`
--

DROP TABLE IF EXISTS `prova`;
/*!40101 SET @saved_cs_client     = @@character_set_client */;
/*!40101 SET character_set_client = utf8 */;
CREATE TABLE `prova` (
  `id` int(11) NOT NULL,
  `id_tipo_prova` int(11) DEFAULT NULL,
  `nome` varchar(45) DEFAULT NULL,
  `data_aplicacao` date DEFAULT NULL,
  PRIMARY KEY (`id`),
  KEY `id_tipo_prova` (`id_tipo_prova`),
  CONSTRAINT `prova_ibfk_1` FOREIGN KEY (`id_tipo_prova`) REFERENCES `tipo_prova` (`id`),
  CONSTRAINT `prova_ibfk_2` FOREIGN KEY (`id_tipo_prova`) REFERENCES `tipo_prova` (`id`)
) ENGINE=InnoDB DEFAULT CHARSET=latin1;
/*!40101 SET character_set_client = @saved_cs_client */;

--
-- Dumping data for table `prova`
--

LOCK TABLES `prova` WRITE;
/*!40000 ALTER TABLE `prova` DISABLE KEYS */;
INSERT INTO `prova` VALUES (1,1,NULL,'0000-00-00'),(2,2,NULL,'0000-00-00'),(3,3,NULL,'0000-00-00'),(4,4,NULL,'0000-00-00'),(5,5,NULL,'0000-00-00'),(6,6,NULL,'0000-00-00'),(7,7,NULL,'0000-00-00'),(8,8,NULL,'0000-00-00'),(9,9,NULL,'0000-00-00'),(10,10,NULL,'0000-00-00'),(11,11,NULL,'0000-00-00'),(12,12,NULL,'0000-00-00'),(13,13,NULL,'0000-00-00'),(14,14,NULL,'0000-00-00'),(15,15,NULL,'0000-00-00'),(16,16,NULL,'0000-00-00'),(17,17,NULL,'0000-00-00'),(18,18,NULL,'0000-00-00'),(19,19,NULL,'0000-00-00'),(20,20,NULL,'0000-00-00'),(21,21,NULL,'0000-00-00'),(22,22,NULL,'0000-00-00'),(23,23,NULL,'0000-00-00'),(24,24,NULL,'0000-00-00'),(25,25,NULL,'0000-00-00'),(26,26,NULL,'0000-00-00'),(27,27,NULL,'0000-00-00'),(28,28,NULL,'0000-00-00'),(29,29,NULL,'0000-00-00'),(30,30,NULL,'0000-00-00'),(31,31,NULL,'0000-00-00'),(32,32,NULL,'0000-00-00'),(33,33,NULL,'0000-00-00'),(34,34,NULL,'0000-00-00'),(35,35,NULL,'0000-00-00'),(36,36,NULL,'0000-00-00'),(37,37,NULL,'0000-00-00'),(38,38,NULL,'0000-00-00'),(39,39,NULL,'0000-00-00'),(40,40,NULL,'0000-00-00'),(41,41,NULL,'0000-00-00'),(42,42,NULL,'0000-00-00'),(43,43,NULL,'0000-00-00'),(44,44,NULL,'0000-00-00'),(45,45,NULL,'0000-00-00'),(46,46,NULL,'0000-00-00'),(47,47,NULL,'0000-00-00'),(48,48,NULL,'0000-00-00'),(49,49,NULL,'0000-00-00'),(50,50,NULL,'0000-00-00'),(51,51,NULL,'0000-00-00'),(52,52,NULL,'0000-00-00'),(53,53,NULL,'0000-00-00'),(54,54,NULL,'0000-00-00'),(55,55,NULL,'0000-00-00'),(56,56,NULL,'0000-00-00'),(57,57,NULL,'0000-00-00'),(58,58,NULL,'0000-00-00'),(59,59,NULL,'0000-00-00'),(60,60,NULL,'0000-00-00'),(61,61,NULL,'0000-00-00'),(62,62,NULL,'0000-00-00'),(63,63,NULL,'0000-00-00'),(64,64,NULL,'0000-00-00'),(65,65,NULL,'0000-00-00'),(66,66,NULL,'0000-00-00'),(67,67,NULL,'0000-00-00'),(68,68,NULL,'0000-00-00'),(69,69,NULL,'0000-00-00'),(70,70,NULL,'0000-00-00'),(71,71,NULL,'0000-00-00'),(72,72,NULL,'0000-00-00'),(73,73,NULL,'0000-00-00'),(74,74,NULL,'0000-00-00'),(75,75,NULL,'0000-00-00'),(76,76,NULL,'0000-00-00'),(77,77,NULL,'0000-00-00'),(78,78,NULL,'0000-00-00'),(79,79,NULL,'0000-00-00'),(80,80,NULL,'0000-00-00'),(81,81,NULL,'0000-00-00'),(82,82,NULL,'0000-00-00'),(83,83,NULL,'0000-00-00'),(84,84,NULL,'0000-00-00'),(85,85,NULL,'0000-00-00'),(86,86,NULL,'0000-00-00'),(87,87,NULL,'0000-00-00'),(88,88,NULL,'0000-00-00'),(89,89,NULL,'0000-00-00'),(90,90,NULL,'0000-00-00'),(91,91,NULL,'0000-00-00'),(92,92,NULL,'0000-00-00'),(93,93,NULL,'0000-00-00'),(94,94,NULL,'0000-00-00'),(95,95,NULL,'0000-00-00'),(96,96,NULL,'0000-00-00'),(97,97,NULL,'0000-00-00'),(98,98,NULL,'0000-00-00'),(99,99,NULL,'0000-00-00'),(100,100,NULL,'0000-00-00'),(101,101,NULL,'0000-00-00'),(102,102,NULL,'0000-00-00'),(103,103,NULL,'0000-00-00'),(104,104,NULL,'0000-00-00'),(105,105,NULL,'0000-00-00'),(106,106,NULL,'0000-00-00'),(107,107,NULL,'0000-00-00'),(108,108,NULL,'0000-00-00'),(109,109,NULL,'0000-00-00'),(110,110,NULL,'0000-00-00'),(111,111,NULL,'0000-00-00'),(112,112,NULL,'0000-00-00'),(113,113,NULL,'0000-00-00'),(114,114,NULL,'0000-00-00'),(115,115,NULL,'0000-00-00'),(116,116,NULL,'0000-00-00'),(117,117,NULL,'0000-00-00'),(118,118,NULL,'0000-00-00'),(119,119,NULL,'0000-00-00'),(120,120,NULL,'0000-00-00'),(121,121,NULL,'0000-00-00'),(122,122,NULL,'0000-00-00'),(123,123,NULL,'0000-00-00'),(124,124,NULL,'0000-00-00'),(125,125,NULL,'0000-00-00'),(126,126,NULL,'0000-00-00'),(127,127,NULL,'0000-00-00'),(128,128,NULL,'0000-00-00'),(129,129,NULL,'0000-00-00'),(130,130,NULL,'0000-00-00'),(131,131,NULL,'0000-00-00'),(132,132,NULL,'0000-00-00'),(133,133,NULL,'0000-00-00'),(134,134,NULL,'0000-00-00'),(135,135,NULL,'0000-00-00'),(136,136,NULL,'0000-00-00'),(137,137,NULL,'0000-00-00'),(138,138,NULL,'0000-00-00'),(139,139,NULL,'0000-00-00'),(140,140,NULL,'0000-00-00'),(141,141,NULL,'0000-00-00'),(142,142,NULL,'0000-00-00'),(143,143,NULL,'0000-00-00'),(144,144,NULL,'0000-00-00'),(145,145,NULL,'0000-00-00'),(146,146,NULL,'0000-00-00'),(147,147,NULL,'0000-00-00'),(148,148,NULL,'0000-00-00'),(149,149,NULL,'0000-00-00'),(150,150,NULL,'0000-00-00'),(151,151,NULL,'0000-00-00'),(152,152,NULL,'0000-00-00'),(153,153,NULL,'0000-00-00'),(154,154,NULL,'0000-00-00'),(155,155,NULL,'0000-00-00'),(156,156,NULL,'0000-00-00'),(157,157,NULL,'0000-00-00'),(158,158,NULL,'0000-00-00'),(159,159,NULL,'0000-00-00'),(160,160,NULL,'0000-00-00'),(161,161,NULL,'0000-00-00'),(162,162,NULL,'0000-00-00'),(163,163,NULL,'0000-00-00'),(164,164,NULL,'0000-00-00'),(165,165,NULL,'0000-00-00'),(166,166,NULL,'0000-00-00'),(167,167,NULL,'0000-00-00'),(168,168,NULL,'0000-00-00'),(169,169,NULL,'0000-00-00'),(170,170,NULL,'0000-00-00'),(171,171,NULL,'0000-00-00'),(172,172,NULL,'0000-00-00'),(173,173,NULL,'0000-00-00'),(174,174,NULL,'0000-00-00'),(175,175,NULL,'0000-00-00'),(176,176,NULL,'0000-00-00'),(177,177,NULL,'0000-00-00'),(178,178,NULL,'0000-00-00'),(179,179,NULL,'0000-00-00'),(180,180,NULL,'0000-00-00'),(181,181,NULL,'0000-00-00'),(182,182,NULL,'0000-00-00'),(183,183,NULL,'0000-00-00'),(184,184,NULL,'0000-00-00'),(185,185,NULL,'0000-00-00'),(186,186,NULL,'0000-00-00'),(187,187,NULL,'0000-00-00'),(188,188,NULL,'0000-00-00'),(189,189,NULL,'0000-00-00'),(190,190,NULL,'0000-00-00'),(191,191,NULL,'0000-00-00'),(192,192,NULL,'0000-00-00'),(193,193,NULL,'0000-00-00'),(194,194,NULL,'0000-00-00'),(195,195,NULL,'0000-00-00'),(196,196,NULL,'0000-00-00'),(197,197,NULL,'0000-00-00'),(198,198,NULL,'0000-00-00'),(199,199,NULL,'0000-00-00'),(200,200,NULL,'0000-00-00'),(201,201,NULL,'0000-00-00'),(202,202,NULL,'0000-00-00'),(203,203,NULL,'0000-00-00'),(204,204,NULL,'0000-00-00'),(205,205,NULL,'0000-00-00'),(206,206,NULL,'0000-00-00'),(207,207,NULL,'0000-00-00'),(208,208,NULL,'0000-00-00'),(209,209,NULL,'0000-00-00'),(210,210,NULL,'0000-00-00'),(211,211,NULL,'0000-00-00'),(212,212,NULL,'0000-00-00'),(213,213,NULL,'0000-00-00'),(214,214,NULL,'0000-00-00'),(215,215,NULL,'0000-00-00'),(216,216,NULL,'0000-00-00'),(217,217,NULL,'0000-00-00'),(218,218,NULL,'0000-00-00'),(219,219,NULL,'0000-00-00'),(220,220,NULL,'0000-00-00'),(221,221,NULL,'0000-00-00'),(222,222,NULL,'0000-00-00'),(223,223,NULL,'0000-00-00'),(224,224,NULL,'0000-00-00'),(225,225,NULL,'0000-00-00'),(226,226,NULL,'0000-00-00'),(227,227,NULL,'0000-00-00'),(228,228,NULL,'0000-00-00'),(229,229,NULL,'0000-00-00'),(230,230,NULL,'0000-00-00'),(231,231,NULL,'0000-00-00'),(232,232,NULL,'0000-00-00'),(233,233,NULL,'0000-00-00'),(234,234,NULL,'0000-00-00'),(235,235,NULL,'0000-00-00'),(236,236,NULL,'0000-00-00'),(237,237,NULL,'0000-00-00'),(238,238,NULL,'0000-00-00'),(239,239,NULL,'0000-00-00'),(240,240,NULL,'0000-00-00'),(241,241,NULL,'0000-00-00'),(242,242,NULL,'0000-00-00'),(243,243,NULL,'0000-00-00'),(244,244,NULL,'0000-00-00'),(245,245,NULL,'0000-00-00'),(246,246,NULL,'0000-00-00'),(247,247,NULL,'0000-00-00'),(248,248,NULL,'0000-00-00'),(249,249,NULL,'0000-00-00'),(250,250,NULL,'0000-00-00'),(251,251,NULL,'0000-00-00'),(252,252,NULL,'0000-00-00'),(253,253,NULL,'0000-00-00'),(254,254,NULL,'0000-00-00'),(255,255,NULL,'0000-00-00'),(256,256,NULL,'0000-00-00'),(257,257,NULL,'0000-00-00'),(258,258,NULL,'0000-00-00'),(259,259,NULL,'0000-00-00'),(260,260,NULL,'0000-00-00'),(261,261,NULL,'0000-00-00'),(262,262,NULL,'0000-00-00'),(263,263,NULL,'0000-00-00'),(264,264,NULL,'0000-00-00'),(265,265,NULL,'0000-00-00'),(266,266,NULL,'0000-00-00'),(267,267,NULL,'0000-00-00'),(268,268,NULL,'0000-00-00'),(269,269,NULL,'0000-00-00'),(270,270,NULL,'0000-00-00'),(271,271,NULL,'0000-00-00'),(272,272,NULL,'0000-00-00'),(273,273,NULL,'0000-00-00'),(274,274,NULL,'0000-00-00'),(275,275,NULL,'0000-00-00'),(276,276,NULL,'0000-00-00'),(277,277,NULL,'0000-00-00'),(278,278,NULL,'0000-00-00'),(279,279,NULL,'0000-00-00'),(280,280,NULL,'0000-00-00'),(281,281,NULL,'0000-00-00'),(282,282,NULL,'0000-00-00'),(283,283,NULL,'0000-00-00'),(284,284,NULL,'0000-00-00'),(285,285,NULL,'0000-00-00'),(286,286,NULL,'0000-00-00'),(287,287,NULL,'0000-00-00'),(288,288,NULL,'0000-00-00'),(289,289,NULL,'0000-00-00'),(290,290,NULL,'0000-00-00'),(291,291,NULL,'0000-00-00'),(292,292,NULL,'0000-00-00'),(293,293,NULL,'0000-00-00'),(294,294,NULL,'0000-00-00'),(295,295,NULL,'0000-00-00'),(296,296,NULL,'0000-00-00'),(297,297,NULL,'0000-00-00'),(298,298,NULL,'0000-00-00'),(299,299,NULL,'0000-00-00'),(300,300,NULL,'0000-00-00'),(301,301,NULL,'0000-00-00'),(302,302,NULL,'0000-00-00'),(303,303,NULL,'0000-00-00'),(304,304,NULL,'0000-00-00'),(305,305,NULL,'0000-00-00'),(306,306,NULL,'0000-00-00'),(307,307,NULL,'0000-00-00'),(308,308,NULL,'0000-00-00'),(309,309,NULL,'0000-00-00'),(310,310,NULL,'0000-00-00'),(311,311,NULL,'0000-00-00'),(312,312,NULL,'0000-00-00'),(313,313,NULL,'0000-00-00'),(314,314,NULL,'0000-00-00'),(315,315,NULL,'0000-00-00'),(316,316,NULL,'0000-00-00'),(317,317,NULL,'0000-00-00'),(318,318,NULL,'0000-00-00'),(319,319,NULL,'0000-00-00'),(320,320,NULL,'0000-00-00'),(321,321,NULL,'0000-00-00'),(322,322,NULL,'0000-00-00'),(323,323,NULL,'0000-00-00'),(324,324,NULL,'0000-00-00'),(325,325,NULL,'0000-00-00'),(326,326,NULL,'0000-00-00'),(327,327,NULL,'0000-00-00'),(328,328,NULL,'0000-00-00'),(329,329,NULL,'0000-00-00'),(330,330,NULL,'0000-00-00'),(331,331,NULL,'0000-00-00'),(332,332,NULL,'0000-00-00'),(333,333,NULL,'0000-00-00'),(334,334,NULL,'0000-00-00'),(335,335,NULL,'0000-00-00'),(336,336,NULL,'0000-00-00'),(337,337,NULL,'0000-00-00'),(338,338,NULL,'0000-00-00'),(339,339,NULL,'0000-00-00'),(340,340,NULL,'0000-00-00'),(341,341,NULL,'0000-00-00'),(342,342,NULL,'0000-00-00'),(343,343,NULL,'0000-00-00'),(344,344,NULL,'0000-00-00'),(345,345,NULL,'0000-00-00'),(346,346,NULL,'0000-00-00'),(347,347,NULL,'0000-00-00'),(348,348,NULL,'0000-00-00'),(349,349,NULL,'0000-00-00'),(350,350,NULL,'0000-00-00'),(351,351,NULL,'0000-00-00'),(352,352,NULL,'0000-00-00'),(353,353,NULL,'0000-00-00'),(354,354,NULL,'0000-00-00'),(355,355,NULL,'0000-00-00'),(356,356,NULL,'0000-00-00'),(357,357,NULL,'0000-00-00'),(358,358,NULL,'0000-00-00'),(359,359,NULL,'0000-00-00'),(360,360,NULL,'0000-00-00'),(361,361,NULL,'0000-00-00'),(362,362,NULL,'0000-00-00'),(363,363,NULL,'0000-00-00'),(364,364,NULL,'0000-00-00'),(365,365,NULL,'0000-00-00'),(366,366,NULL,'0000-00-00'),(367,367,NULL,'0000-00-00'),(368,368,NULL,'0000-00-00'),(369,369,NULL,'0000-00-00'),(370,370,NULL,'0000-00-00'),(371,371,NULL,'0000-00-00'),(372,372,NULL,'0000-00-00'),(373,373,NULL,'0000-00-00'),(374,374,NULL,'0000-00-00'),(375,375,NULL,'0000-00-00'),(376,376,NULL,'0000-00-00'),(377,377,NULL,'0000-00-00'),(378,378,NULL,'0000-00-00'),(379,379,NULL,'0000-00-00'),(380,380,NULL,'0000-00-00'),(381,381,NULL,'0000-00-00'),(382,382,NULL,'0000-00-00'),(383,383,NULL,'0000-00-00'),(384,384,NULL,'0000-00-00'),(385,385,NULL,'0000-00-00'),(386,386,NULL,'0000-00-00'),(387,387,NULL,'0000-00-00'),(388,388,NULL,'0000-00-00'),(389,389,NULL,'0000-00-00'),(390,390,NULL,'0000-00-00'),(391,391,NULL,'0000-00-00'),(392,392,NULL,'0000-00-00'),(393,393,NULL,'0000-00-00'),(394,394,NULL,'0000-00-00'),(395,395,NULL,'0000-00-00'),(396,396,NULL,'0000-00-00'),(397,397,NULL,'0000-00-00'),(398,398,NULL,'0000-00-00'),(399,399,NULL,'0000-00-00'),(400,400,NULL,'0000-00-00'),(401,401,NULL,'0000-00-00'),(402,402,NULL,'0000-00-00'),(403,403,NULL,'0000-00-00'),(404,404,NULL,'0000-00-00'),(405,405,NULL,'0000-00-00'),(406,406,NULL,'0000-00-00'),(407,407,NULL,'0000-00-00'),(408,408,NULL,'0000-00-00'),(409,409,NULL,'0000-00-00'),(410,410,NULL,'0000-00-00'),(411,411,NULL,'0000-00-00'),(412,412,NULL,'0000-00-00'),(413,413,NULL,'0000-00-00'),(414,414,NULL,'0000-00-00'),(415,415,NULL,'0000-00-00'),(416,416,NULL,'0000-00-00'),(417,417,NULL,'0000-00-00'),(418,418,NULL,'0000-00-00'),(419,419,NULL,'0000-00-00'),(420,420,NULL,'0000-00-00'),(421,421,NULL,'0000-00-00'),(422,422,NULL,'0000-00-00'),(423,423,NULL,'0000-00-00'),(424,424,NULL,'0000-00-00'),(425,425,NULL,'0000-00-00'),(426,426,NULL,'0000-00-00'),(427,427,NULL,'0000-00-00'),(428,428,NULL,'0000-00-00'),(429,429,NULL,'0000-00-00'),(430,430,NULL,'0000-00-00'),(431,431,NULL,'0000-00-00'),(432,432,NULL,'0000-00-00'),(433,433,NULL,'0000-00-00'),(434,434,NULL,'0000-00-00'),(435,435,NULL,'0000-00-00'),(436,436,NULL,'0000-00-00'),(437,437,NULL,'0000-00-00'),(438,438,NULL,'0000-00-00'),(439,439,NULL,'0000-00-00'),(440,440,NULL,'0000-00-00'),(441,441,NULL,'0000-00-00'),(442,442,NULL,'0000-00-00'),(443,443,NULL,'0000-00-00'),(444,444,NULL,'0000-00-00'),(445,445,NULL,'0000-00-00'),(446,446,NULL,'0000-00-00'),(447,447,NULL,'0000-00-00'),(448,448,NULL,'0000-00-00'),(449,449,NULL,'0000-00-00'),(450,450,NULL,'0000-00-00'),(451,451,NULL,'0000-00-00'),(452,452,NULL,'0000-00-00'),(453,453,NULL,'0000-00-00'),(454,454,NULL,'0000-00-00'),(455,455,NULL,'0000-00-00'),(456,456,NULL,'0000-00-00'),(457,457,NULL,'0000-00-00'),(458,458,NULL,'0000-00-00'),(459,459,NULL,'0000-00-00'),(460,460,NULL,'0000-00-00'),(461,461,NULL,'0000-00-00'),(462,462,NULL,'0000-00-00'),(463,463,NULL,'0000-00-00'),(464,464,NULL,'0000-00-00'),(465,465,NULL,'0000-00-00'),(466,466,NULL,'0000-00-00'),(467,467,NULL,'0000-00-00'),(468,468,NULL,'0000-00-00'),(469,469,NULL,'0000-00-00'),(470,470,NULL,'0000-00-00'),(471,471,NULL,'0000-00-00'),(472,472,NULL,'0000-00-00'),(473,473,NULL,'0000-00-00'),(474,474,NULL,'0000-00-00'),(475,475,NULL,'0000-00-00'),(476,476,NULL,'0000-00-00'),(477,477,NULL,'0000-00-00'),(478,478,NULL,'0000-00-00'),(479,479,NULL,'0000-00-00'),(480,480,NULL,'0000-00-00'),(481,481,NULL,'0000-00-00'),(482,482,NULL,'0000-00-00'),(483,483,NULL,'0000-00-00'),(484,484,NULL,'0000-00-00'),(485,485,NULL,'0000-00-00'),(486,486,NULL,'0000-00-00'),(487,487,NULL,'0000-00-00'),(488,488,NULL,'0000-00-00'),(489,489,NULL,'0000-00-00'),(490,490,NULL,'0000-00-00'),(491,491,NULL,'0000-00-00'),(492,492,NULL,'0000-00-00'),(493,493,NULL,'0000-00-00'),(494,494,NULL,'0000-00-00'),(495,495,NULL,'0000-00-00'),(496,496,NULL,'0000-00-00'),(497,497,NULL,'0000-00-00'),(498,498,NULL,'0000-00-00'),(499,499,NULL,'0000-00-00'),(500,500,NULL,'0000-00-00'),(501,501,NULL,'0000-00-00'),(502,502,NULL,'0000-00-00'),(503,503,NULL,'0000-00-00'),(504,504,NULL,'0000-00-00'),(505,505,NULL,'0000-00-00'),(506,506,NULL,'0000-00-00'),(507,507,NULL,'0000-00-00'),(508,508,NULL,'0000-00-00'),(509,509,NULL,'0000-00-00'),(510,510,NULL,'0000-00-00'),(511,511,NULL,'0000-00-00'),(512,512,NULL,'0000-00-00'),(513,513,NULL,'0000-00-00'),(514,514,NULL,'0000-00-00'),(515,515,NULL,'0000-00-00'),(516,516,NULL,'0000-00-00'),(517,517,NULL,'0000-00-00'),(518,518,NULL,'0000-00-00'),(519,519,NULL,'0000-00-00'),(520,520,NULL,'0000-00-00'),(521,521,NULL,'0000-00-00'),(522,522,NULL,'0000-00-00'),(523,523,NULL,'0000-00-00'),(524,524,NULL,'0000-00-00'),(525,525,NULL,'0000-00-00'),(526,526,NULL,'0000-00-00'),(527,527,NULL,'0000-00-00'),(528,528,NULL,'0000-00-00'),(529,529,NULL,'0000-00-00'),(530,530,NULL,'0000-00-00'),(531,531,NULL,'0000-00-00'),(532,532,NULL,'0000-00-00'),(533,533,NULL,'0000-00-00'),(534,534,NULL,'0000-00-00'),(535,535,NULL,'0000-00-00'),(536,536,NULL,'0000-00-00'),(537,537,NULL,'0000-00-00'),(538,538,NULL,'0000-00-00'),(539,539,NULL,'0000-00-00'),(540,540,NULL,'0000-00-00'),(541,541,NULL,'0000-00-00'),(542,542,NULL,'0000-00-00'),(543,543,NULL,'0000-00-00'),(544,544,NULL,'0000-00-00'),(545,545,NULL,'0000-00-00'),(546,546,NULL,'0000-00-00'),(547,547,NULL,'0000-00-00'),(548,548,NULL,'0000-00-00'),(549,549,NULL,'0000-00-00'),(550,550,NULL,'0000-00-00'),(551,551,NULL,'0000-00-00'),(552,552,NULL,'0000-00-00'),(553,553,NULL,'0000-00-00'),(554,554,NULL,'0000-00-00'),(555,555,NULL,'0000-00-00'),(556,556,NULL,'0000-00-00'),(557,557,NULL,'0000-00-00'),(558,558,NULL,'0000-00-00'),(559,559,NULL,'0000-00-00'),(560,560,NULL,'0000-00-00'),(561,561,NULL,'0000-00-00'),(562,562,NULL,'0000-00-00'),(563,563,NULL,'0000-00-00'),(564,564,NULL,'0000-00-00'),(565,565,NULL,'0000-00-00'),(566,566,NULL,'0000-00-00'),(567,567,NULL,'0000-00-00'),(568,568,NULL,'0000-00-00'),(569,569,NULL,'0000-00-00'),(570,570,NULL,'0000-00-00'),(571,571,NULL,'0000-00-00'),(572,572,NULL,'0000-00-00'),(573,573,NULL,'0000-00-00'),(574,574,NULL,'0000-00-00'),(575,575,NULL,'0000-00-00'),(576,576,NULL,'0000-00-00'),(577,577,NULL,'0000-00-00'),(578,578,NULL,'0000-00-00'),(579,579,NULL,'0000-00-00'),(580,580,NULL,'0000-00-00'),(581,581,NULL,'0000-00-00'),(582,582,NULL,'0000-00-00'),(583,583,NULL,'0000-00-00'),(584,584,NULL,'0000-00-00'),(585,585,NULL,'0000-00-00'),(586,586,NULL,'0000-00-00'),(587,587,NULL,'0000-00-00'),(588,588,NULL,'0000-00-00'),(589,589,NULL,'0000-00-00'),(590,590,NULL,'0000-00-00'),(591,591,NULL,'0000-00-00'),(592,592,NULL,'0000-00-00'),(593,593,NULL,'0000-00-00'),(594,594,NULL,'0000-00-00'),(595,595,NULL,'0000-00-00'),(596,596,NULL,'0000-00-00'),(597,597,NULL,'0000-00-00'),(598,598,NULL,'0000-00-00'),(599,599,NULL,'0000-00-00'),(600,600,NULL,'0000-00-00'),(601,601,NULL,'0000-00-00'),(602,602,NULL,'0000-00-00'),(603,603,NULL,'0000-00-00'),(604,604,NULL,'0000-00-00'),(605,605,NULL,'0000-00-00'),(606,606,NULL,'0000-00-00'),(607,607,NULL,'0000-00-00'),(608,608,NULL,'0000-00-00'),(609,609,NULL,'0000-00-00'),(610,610,NULL,'0000-00-00'),(611,611,NULL,'0000-00-00'),(612,612,NULL,'0000-00-00'),(613,613,NULL,'0000-00-00'),(614,614,NULL,'0000-00-00'),(615,615,NULL,'0000-00-00'),(616,616,NULL,'0000-00-00'),(617,617,NULL,'0000-00-00'),(618,618,NULL,'0000-00-00'),(619,619,NULL,'0000-00-00'),(620,620,NULL,'0000-00-00'),(621,621,NULL,'0000-00-00'),(622,622,NULL,'0000-00-00'),(623,623,NULL,'0000-00-00'),(624,624,NULL,'0000-00-00'),(625,625,NULL,'0000-00-00'),(626,626,NULL,'0000-00-00'),(627,627,NULL,'0000-00-00'),(628,628,NULL,'0000-00-00'),(629,629,NULL,'0000-00-00'),(630,630,NULL,'0000-00-00'),(631,631,NULL,'0000-00-00'),(632,632,NULL,'0000-00-00'),(633,633,NULL,'0000-00-00'),(634,634,NULL,'0000-00-00'),(635,635,NULL,'0000-00-00'),(636,636,NULL,'0000-00-00'),(637,637,NULL,'0000-00-00'),(638,638,NULL,'0000-00-00'),(639,639,NULL,'0000-00-00'),(640,640,NULL,'0000-00-00'),(641,641,NULL,'0000-00-00'),(642,642,NULL,'0000-00-00'),(643,643,NULL,'0000-00-00'),(644,644,NULL,'0000-00-00'),(645,645,NULL,'0000-00-00'),(646,646,NULL,'0000-00-00'),(647,647,NULL,'0000-00-00'),(648,648,NULL,'0000-00-00'),(649,649,NULL,'0000-00-00'),(650,650,NULL,'0000-00-00'),(651,651,NULL,'0000-00-00'),(652,652,NULL,'0000-00-00'),(653,653,NULL,'0000-00-00'),(654,654,NULL,'0000-00-00'),(655,655,NULL,'0000-00-00'),(656,656,NULL,'0000-00-00'),(657,657,NULL,'0000-00-00'),(658,658,NULL,'0000-00-00'),(659,659,NULL,'0000-00-00'),(660,660,NULL,'0000-00-00'),(661,661,NULL,'0000-00-00'),(662,662,NULL,'0000-00-00'),(663,663,NULL,'0000-00-00'),(664,664,NULL,'0000-00-00'),(665,665,NULL,'0000-00-00'),(666,666,NULL,'0000-00-00'),(667,667,NULL,'0000-00-00'),(668,668,NULL,'0000-00-00'),(669,669,NULL,'0000-00-00'),(670,670,NULL,'0000-00-00'),(671,671,NULL,'0000-00-00'),(672,672,NULL,'0000-00-00'),(673,673,NULL,'0000-00-00'),(674,674,NULL,'0000-00-00'),(675,675,NULL,'0000-00-00'),(676,676,NULL,'0000-00-00'),(677,677,NULL,'0000-00-00'),(678,678,NULL,'0000-00-00'),(679,679,NULL,'0000-00-00'),(680,680,NULL,'0000-00-00'),(681,681,NULL,'0000-00-00'),(682,682,NULL,'0000-00-00'),(683,683,NULL,'0000-00-00'),(684,684,NULL,'0000-00-00'),(685,685,NULL,'0000-00-00'),(686,686,NULL,'0000-00-00'),(687,687,NULL,'0000-00-00'),(688,688,NULL,'0000-00-00'),(689,689,NULL,'0000-00-00'),(690,690,NULL,'0000-00-00'),(691,691,NULL,'0000-00-00'),(692,692,NULL,'0000-00-00'),(693,693,NULL,'0000-00-00'),(694,694,NULL,'0000-00-00'),(695,695,NULL,'0000-00-00'),(696,696,NULL,'0000-00-00'),(697,697,NULL,'0000-00-00'),(698,698,NULL,'0000-00-00'),(699,699,NULL,'0000-00-00'),(700,700,NULL,'0000-00-00'),(701,701,NULL,'0000-00-00'),(702,702,NULL,'0000-00-00'),(703,703,NULL,'0000-00-00'),(704,704,NULL,'0000-00-00'),(705,705,NULL,'0000-00-00'),(706,706,NULL,'0000-00-00'),(707,707,NULL,'0000-00-00'),(708,708,NULL,'0000-00-00'),(709,709,NULL,'0000-00-00'),(710,710,NULL,'0000-00-00'),(711,711,NULL,'0000-00-00'),(712,712,NULL,'0000-00-00'),(713,713,NULL,'0000-00-00'),(714,714,NULL,'0000-00-00'),(715,715,NULL,'0000-00-00'),(716,716,NULL,'0000-00-00'),(717,717,NULL,'0000-00-00'),(718,718,NULL,'0000-00-00'),(719,719,NULL,'0000-00-00'),(720,720,NULL,'0000-00-00'),(721,721,NULL,'0000-00-00'),(722,722,NULL,'0000-00-00'),(723,723,NULL,'0000-00-00'),(724,724,NULL,'0000-00-00'),(725,725,NULL,'0000-00-00'),(726,726,NULL,'0000-00-00'),(727,727,NULL,'0000-00-00'),(728,728,NULL,'0000-00-00'),(729,729,NULL,'0000-00-00'),(730,730,NULL,'0000-00-00'),(731,731,NULL,'0000-00-00'),(732,732,NULL,'0000-00-00'),(733,733,NULL,'0000-00-00'),(734,734,NULL,'0000-00-00'),(735,735,NULL,'0000-00-00'),(736,736,NULL,'0000-00-00'),(737,737,NULL,'0000-00-00'),(738,738,NULL,'0000-00-00'),(739,739,NULL,'0000-00-00'),(740,740,NULL,'0000-00-00'),(741,741,NULL,'0000-00-00'),(742,742,NULL,'0000-00-00'),(743,743,NULL,'0000-00-00'),(744,744,NULL,'0000-00-00'),(745,745,NULL,'0000-00-00'),(746,746,NULL,'0000-00-00'),(747,747,NULL,'0000-00-00'),(748,748,NULL,'0000-00-00'),(749,749,NULL,'0000-00-00'),(750,750,NULL,'0000-00-00'),(751,751,NULL,'0000-00-00'),(752,752,NULL,'0000-00-00'),(753,753,NULL,'0000-00-00'),(754,754,NULL,'0000-00-00'),(755,755,NULL,'0000-00-00'),(756,756,NULL,'0000-00-00'),(757,757,NULL,'0000-00-00'),(758,758,NULL,'0000-00-00'),(759,759,NULL,'0000-00-00'),(760,760,NULL,'0000-00-00'),(761,761,NULL,'0000-00-00'),(762,762,NULL,'0000-00-00'),(763,763,NULL,'0000-00-00'),(764,764,NULL,'0000-00-00'),(765,765,NULL,'0000-00-00'),(766,766,NULL,'0000-00-00'),(767,767,NULL,'0000-00-00'),(768,768,NULL,'0000-00-00'),(769,769,NULL,'0000-00-00'),(770,770,NULL,'0000-00-00'),(771,771,NULL,'0000-00-00'),(772,772,NULL,'0000-00-00'),(773,773,NULL,'0000-00-00'),(774,774,NULL,'0000-00-00'),(775,775,NULL,'0000-00-00'),(776,776,NULL,'0000-00-00'),(777,777,NULL,'0000-00-00'),(778,778,NULL,'0000-00-00'),(779,779,NULL,'0000-00-00'),(780,780,NULL,'0000-00-00'),(781,781,NULL,'0000-00-00'),(782,782,NULL,'0000-00-00'),(783,783,NULL,'0000-00-00'),(784,784,NULL,'0000-00-00'),(785,785,NULL,'0000-00-00'),(786,786,NULL,'0000-00-00'),(787,787,NULL,'0000-00-00'),(788,788,NULL,'0000-00-00'),(789,789,NULL,'0000-00-00'),(790,790,NULL,'0000-00-00'),(791,791,NULL,'0000-00-00'),(792,792,NULL,'0000-00-00'),(793,793,NULL,'0000-00-00'),(794,794,NULL,'0000-00-00'),(795,795,NULL,'0000-00-00'),(796,796,NULL,'0000-00-00'),(797,797,NULL,'0000-00-00'),(798,798,NULL,'0000-00-00'),(799,799,NULL,'0000-00-00'),(800,800,NULL,'0000-00-00'),(801,801,NULL,'0000-00-00'),(802,802,NULL,'0000-00-00'),(803,803,NULL,'0000-00-00'),(804,804,NULL,'0000-00-00'),(805,805,NULL,'0000-00-00'),(806,806,NULL,'0000-00-00'),(807,807,NULL,'0000-00-00'),(808,808,NULL,'0000-00-00'),(809,809,NULL,'0000-00-00'),(810,810,NULL,'0000-00-00'),(811,811,NULL,'0000-00-00'),(812,812,NULL,'0000-00-00'),(813,813,NULL,'0000-00-00'),(814,814,NULL,'0000-00-00'),(815,815,NULL,'0000-00-00'),(816,816,NULL,'0000-00-00'),(817,817,NULL,'0000-00-00'),(818,818,NULL,'0000-00-00'),(819,819,NULL,'0000-00-00'),(820,820,NULL,'0000-00-00'),(821,821,NULL,'0000-00-00'),(822,822,NULL,'0000-00-00'),(823,823,NULL,'0000-00-00'),(824,824,NULL,'0000-00-00'),(825,825,NULL,'0000-00-00'),(826,826,NULL,'0000-00-00'),(827,827,NULL,'0000-00-00'),(828,828,NULL,'0000-00-00'),(829,829,NULL,'0000-00-00'),(830,830,NULL,'0000-00-00'),(831,831,NULL,'0000-00-00'),(832,832,NULL,'0000-00-00'),(833,833,NULL,'0000-00-00'),(834,834,NULL,'0000-00-00'),(835,835,NULL,'0000-00-00'),(836,836,NULL,'0000-00-00'),(837,837,NULL,'0000-00-00'),(838,838,NULL,'0000-00-00'),(839,839,NULL,'0000-00-00'),(840,840,NULL,'0000-00-00'),(841,841,NULL,'0000-00-00'),(842,842,NULL,'0000-00-00'),(843,843,NULL,'0000-00-00'),(844,844,NULL,'0000-00-00'),(845,845,NULL,'0000-00-00'),(846,846,NULL,'0000-00-00'),(847,847,NULL,'0000-00-00'),(848,848,NULL,'0000-00-00'),(849,849,NULL,'0000-00-00'),(850,850,NULL,'0000-00-00'),(851,851,NULL,'0000-00-00'),(852,852,NULL,'0000-00-00'),(853,853,NULL,'0000-00-00'),(854,854,NULL,'0000-00-00'),(855,855,NULL,'0000-00-00'),(856,856,NULL,'0000-00-00'),(857,857,NULL,'0000-00-00'),(858,858,NULL,'0000-00-00'),(859,859,NULL,'0000-00-00'),(860,860,NULL,'0000-00-00'),(861,861,NULL,'0000-00-00'),(862,862,NULL,'0000-00-00'),(863,863,NULL,'0000-00-00'),(864,864,NULL,'0000-00-00'),(865,865,NULL,'0000-00-00'),(866,866,NULL,'0000-00-00'),(867,867,NULL,'0000-00-00'),(868,868,NULL,'0000-00-00'),(869,869,NULL,'0000-00-00'),(870,870,NULL,'0000-00-00'),(871,871,NULL,'0000-00-00'),(872,872,NULL,'0000-00-00'),(873,873,NULL,'0000-00-00'),(874,874,NULL,'0000-00-00'),(875,875,NULL,'0000-00-00'),(876,876,NULL,'0000-00-00'),(877,877,NULL,'0000-00-00'),(878,878,NULL,'0000-00-00'),(879,879,NULL,'0000-00-00'),(880,880,NULL,'0000-00-00'),(881,881,NULL,'0000-00-00'),(882,882,NULL,'0000-00-00'),(883,883,NULL,'0000-00-00'),(884,884,NULL,'0000-00-00'),(885,885,NULL,'0000-00-00'),(886,886,NULL,'0000-00-00'),(887,887,NULL,'0000-00-00'),(888,888,NULL,'0000-00-00'),(889,889,NULL,'0000-00-00'),(890,890,NULL,'0000-00-00'),(891,891,NULL,'0000-00-00'),(892,892,NULL,'0000-00-00'),(893,893,NULL,'0000-00-00'),(894,894,NULL,'0000-00-00'),(895,895,NULL,'0000-00-00'),(896,896,NULL,'0000-00-00'),(897,897,NULL,'0000-00-00'),(898,898,NULL,'0000-00-00'),(899,899,NULL,'0000-00-00'),(900,900,NULL,'0000-00-00'),(901,901,NULL,'0000-00-00'),(902,902,NULL,'0000-00-00'),(903,903,NULL,'0000-00-00'),(904,904,NULL,'0000-00-00'),(905,905,NULL,'0000-00-00'),(906,906,NULL,'0000-00-00'),(907,907,NULL,'0000-00-00'),(908,908,NULL,'0000-00-00'),(909,909,NULL,'0000-00-00'),(910,910,NULL,'0000-00-00'),(911,911,NULL,'0000-00-00'),(912,912,NULL,'0000-00-00'),(913,913,NULL,'0000-00-00'),(914,914,NULL,'0000-00-00'),(915,915,NULL,'0000-00-00'),(916,916,NULL,'0000-00-00'),(917,917,NULL,'0000-00-00'),(918,918,NULL,'0000-00-00'),(919,919,NULL,'0000-00-00'),(920,920,NULL,'0000-00-00'),(921,921,NULL,'0000-00-00'),(922,922,NULL,'0000-00-00'),(923,923,NULL,'0000-00-00'),(924,924,NULL,'0000-00-00'),(925,925,NULL,'0000-00-00'),(926,926,NULL,'0000-00-00'),(927,927,NULL,'0000-00-00'),(928,928,NULL,'0000-00-00'),(929,929,NULL,'0000-00-00'),(930,930,NULL,'0000-00-00'),(931,931,NULL,'0000-00-00'),(932,932,NULL,'0000-00-00'),(933,933,NULL,'0000-00-00'),(934,934,NULL,'0000-00-00'),(935,935,NULL,'0000-00-00'),(936,936,NULL,'0000-00-00'),(937,937,NULL,'0000-00-00'),(938,938,NULL,'0000-00-00'),(939,939,NULL,'0000-00-00'),(940,940,NULL,'0000-00-00'),(941,941,NULL,'0000-00-00'),(942,942,NULL,'0000-00-00'),(943,943,NULL,'0000-00-00'),(944,944,NULL,'0000-00-00'),(945,945,NULL,'0000-00-00'),(946,946,NULL,'0000-00-00'),(947,947,NULL,'0000-00-00'),(948,948,NULL,'0000-00-00'),(949,949,NULL,'0000-00-00'),(950,950,NULL,'0000-00-00'),(951,951,NULL,'0000-00-00'),(952,952,NULL,'0000-00-00'),(953,953,NULL,'0000-00-00'),(954,954,NULL,'0000-00-00'),(955,955,NULL,'0000-00-00'),(956,956,NULL,'0000-00-00'),(957,957,NULL,'0000-00-00'),(958,958,NULL,'0000-00-00'),(959,959,NULL,'0000-00-00'),(960,960,NULL,'0000-00-00'),(961,961,NULL,'0000-00-00'),(962,962,NULL,'0000-00-00'),(963,963,NULL,'0000-00-00'),(964,964,NULL,'0000-00-00'),(965,965,NULL,'0000-00-00'),(966,966,NULL,'0000-00-00'),(967,967,NULL,'0000-00-00'),(968,968,NULL,'0000-00-00'),(969,969,NULL,'0000-00-00'),(970,970,NULL,'0000-00-00'),(971,971,NULL,'0000-00-00'),(972,972,NULL,'0000-00-00'),(973,973,NULL,'0000-00-00'),(974,974,NULL,'0000-00-00'),(975,975,NULL,'0000-00-00'),(976,976,NULL,'0000-00-00'),(977,977,NULL,'0000-00-00'),(978,978,NULL,'0000-00-00'),(979,979,NULL,'0000-00-00'),(980,980,NULL,'0000-00-00'),(981,981,NULL,'0000-00-00'),(982,982,NULL,'0000-00-00'),(983,983,NULL,'0000-00-00'),(984,984,NULL,'0000-00-00'),(985,985,NULL,'0000-00-00'),(986,986,NULL,'0000-00-00'),(987,987,NULL,'0000-00-00'),(988,988,NULL,'0000-00-00'),(989,989,NULL,'0000-00-00'),(990,990,NULL,'0000-00-00'),(991,991,NULL,'0000-00-00'),(992,992,NULL,'0000-00-00'),(993,993,NULL,'0000-00-00'),(994,994,NULL,'0000-00-00'),(995,995,NULL,'0000-00-00'),(996,996,NULL,'0000-00-00'),(997,997,NULL,'0000-00-00'),(998,998,NULL,'0000-00-00'),(999,999,NULL,'0000-00-00'),(1000,1000,NULL,'0000-00-00'),(1001,1001,NULL,'0000-00-00'),(1002,1002,NULL,'0000-00-00'),(1003,1003,NULL,'0000-00-00'),(1004,1004,NULL,'0000-00-00'),(1005,1005,NULL,'0000-00-00'),(1006,1006,NULL,'0000-00-00'),(1007,1007,NULL,'0000-00-00'),(1008,1008,NULL,'0000-00-00'),(1009,1009,NULL,'0000-00-00'),(1010,1010,NULL,'0000-00-00'),(1011,1011,NULL,'0000-00-00'),(1012,1012,NULL,'0000-00-00'),(1013,1013,NULL,'0000-00-00'),(1014,1014,NULL,'0000-00-00'),(1015,1015,NULL,'0000-00-00'),(1016,1016,NULL,'0000-00-00'),(1017,1017,NULL,'0000-00-00'),(1018,1018,NULL,'0000-00-00'),(1019,1019,NULL,'0000-00-00'),(1020,1020,NULL,'0000-00-00'),(1021,1021,NULL,'0000-00-00'),(1022,1022,NULL,'0000-00-00'),(1023,1023,NULL,'0000-00-00'),(1024,1024,NULL,'0000-00-00'),(1025,1025,NULL,'0000-00-00'),(1026,1026,NULL,'0000-00-00'),(1027,1027,NULL,'0000-00-00'),(1028,1028,NULL,'0000-00-00'),(1029,1029,NULL,'0000-00-00'),(1030,1030,NULL,'0000-00-00'),(1031,1031,NULL,'0000-00-00'),(1032,1032,NULL,'0000-00-00'),(1033,1033,NULL,'0000-00-00'),(1034,1034,NULL,'0000-00-00'),(1035,1035,NULL,'0000-00-00'),(1036,1036,NULL,'0000-00-00'),(1037,1037,NULL,'0000-00-00'),(1038,1038,NULL,'0000-00-00'),(1039,1039,NULL,'0000-00-00'),(1040,1040,NULL,'0000-00-00'),(1041,1041,NULL,'0000-00-00'),(1042,1042,NULL,'0000-00-00'),(1043,1043,NULL,'0000-00-00'),(1044,1044,NULL,'0000-00-00'),(1045,1045,NULL,'0000-00-00'),(1046,1046,NULL,'0000-00-00'),(1047,1047,NULL,'0000-00-00'),(1048,1048,NULL,'0000-00-00'),(1049,1049,NULL,'0000-00-00'),(1050,1050,NULL,'0000-00-00'),(1051,1051,NULL,'0000-00-00'),(1052,1052,NULL,'0000-00-00'),(1053,1053,NULL,'0000-00-00'),(1054,1054,NULL,'0000-00-00'),(1055,1055,NULL,'0000-00-00'),(1056,1056,NULL,'0000-00-00'),(1057,1057,NULL,'0000-00-00'),(1058,1058,NULL,'0000-00-00'),(1059,1059,NULL,'0000-00-00'),(1060,1060,NULL,'0000-00-00'),(1061,1061,NULL,'0000-00-00'),(1062,1062,NULL,'0000-00-00'),(1063,1063,NULL,'0000-00-00'),(1064,1064,NULL,'0000-00-00'),(1065,1065,NULL,'0000-00-00'),(1066,1066,NULL,'0000-00-00'),(1067,1067,NULL,'0000-00-00'),(1068,1068,NULL,'0000-00-00'),(1069,1069,NULL,'0000-00-00'),(1070,1070,NULL,'0000-00-00'),(1071,1071,NULL,'0000-00-00'),(1072,1072,NULL,'0000-00-00'),(1073,1073,NULL,'0000-00-00'),(1074,1074,NULL,'0000-00-00'),(1075,1075,NULL,'0000-00-00'),(1076,1076,NULL,'0000-00-00'),(1077,1077,NULL,'0000-00-00'),(1078,1078,NULL,'0000-00-00'),(1079,1079,NULL,'0000-00-00'),(1080,1080,NULL,'0000-00-00'),(1081,1081,NULL,'0000-00-00'),(1082,1082,NULL,'0000-00-00'),(1083,1083,NULL,'0000-00-00'),(1084,1084,NULL,'0000-00-00'),(1085,1085,NULL,'0000-00-00'),(1086,1086,NULL,'0000-00-00'),(1087,1087,NULL,'0000-00-00'),(1088,1088,NULL,'0000-00-00'),(1089,1089,NULL,'0000-00-00'),(1090,1090,NULL,'0000-00-00'),(1091,1091,NULL,'0000-00-00'),(1092,1092,NULL,'0000-00-00'),(1093,1093,NULL,'0000-00-00'),(1094,1094,NULL,'0000-00-00'),(1095,1095,NULL,'0000-00-00'),(1096,1096,NULL,'0000-00-00'),(1097,1097,NULL,'0000-00-00'),(1098,1098,NULL,'0000-00-00'),(1099,1099,NULL,'0000-00-00'),(1100,1100,NULL,'0000-00-00'),(1101,1101,NULL,'0000-00-00'),(1102,1102,NULL,'0000-00-00'),(1103,1103,NULL,'0000-00-00'),(1104,1104,NULL,'0000-00-00'),(1105,1105,NULL,'0000-00-00'),(1106,1106,NULL,'0000-00-00'),(1107,1107,NULL,'0000-00-00'),(1108,1108,NULL,'0000-00-00'),(1109,1109,NULL,'0000-00-00'),(1110,1110,NULL,'0000-00-00'),(1111,1111,NULL,'0000-00-00'),(1112,1112,NULL,'0000-00-00'),(1113,1113,NULL,'0000-00-00'),(1114,1114,NULL,'0000-00-00'),(1115,1115,NULL,'0000-00-00'),(1116,1116,NULL,'0000-00-00'),(1117,1117,NULL,'0000-00-00'),(1118,1118,NULL,'0000-00-00'),(1119,1119,NULL,'0000-00-00'),(1120,1120,NULL,'0000-00-00'),(1121,1121,NULL,'0000-00-00'),(1122,1122,NULL,'0000-00-00'),(1123,1123,NULL,'0000-00-00'),(1124,1124,NULL,'0000-00-00'),(1125,1125,NULL,'0000-00-00'),(1126,1126,NULL,'0000-00-00'),(1127,1127,NULL,'0000-00-00'),(1128,1128,NULL,'0000-00-00'),(1129,1129,NULL,'0000-00-00'),(1130,1130,NULL,'0000-00-00'),(1131,1131,NULL,'0000-00-00'),(1132,1132,NULL,'0000-00-00'),(1133,1133,NULL,'0000-00-00'),(1134,1134,NULL,'0000-00-00'),(1135,1135,NULL,'0000-00-00'),(1136,1136,NULL,'0000-00-00'),(1137,1137,NULL,'0000-00-00'),(1138,1138,NULL,'0000-00-00'),(1139,1139,NULL,'0000-00-00'),(1140,1140,NULL,'0000-00-00'),(1141,1141,NULL,'0000-00-00'),(1142,1142,NULL,'0000-00-00'),(1143,1143,NULL,'0000-00-00'),(1144,1144,NULL,'0000-00-00'),(1145,1145,NULL,'0000-00-00'),(1146,1146,NULL,'0000-00-00'),(1147,1147,NULL,'0000-00-00'),(1148,1148,NULL,'0000-00-00'),(1149,1149,NULL,'0000-00-00'),(1150,1150,NULL,'0000-00-00'),(1151,1151,NULL,'0000-00-00'),(1152,1152,NULL,'0000-00-00'),(1153,1153,NULL,'0000-00-00'),(1154,1154,NULL,'0000-00-00'),(1155,1155,NULL,'0000-00-00'),(1156,1156,NULL,'0000-00-00');
/*!40000 ALTER TABLE `prova` ENABLE KEYS */;
UNLOCK TABLES;

--
-- Table structure for table `prova_aluno`
--

DROP TABLE IF EXISTS `prova_aluno`;
/*!40101 SET @saved_cs_client     = @@character_set_client */;
/*!40101 SET character_set_client = utf8 */;
CREATE TABLE `prova_aluno` (
  `id_prova` int(11) NOT NULL,
  `id_aluno` int(11) NOT NULL,
  `id_curso` int(11) NOT NULL,
  `acertoGeral` int(11) NOT NULL,
  `acertoEspec` int(11) NOT NULL,
  `percentGeral` float NOT NULL,
  `percentEspec` float NOT NULL,
  `notaProva` float NOT NULL,
  KEY `id_prova` (`id_prova`),
  KEY `id_aluno` (`id_aluno`),
  KEY `id_curso` (`id_curso`),
  CONSTRAINT `prova_aluno_ibfk_1` FOREIGN KEY (`id_prova`) REFERENCES `prova` (`id`),
  CONSTRAINT `prova_aluno_ibfk_2` FOREIGN KEY (`id_aluno`) REFERENCES `aluno` (`id`),
  CONSTRAINT `prova_aluno_ibfk_3` FOREIGN KEY (`id_curso`) REFERENCES `curso` (`id`)
) ENGINE=InnoDB DEFAULT CHARSET=latin1;
/*!40101 SET character_set_client = @saved_cs_client */;

--
-- Dumping data for table `prova_aluno`
--

LOCK TABLES `prova_aluno` WRITE;
/*!40000 ALTER TABLE `prova_aluno` DISABLE KEYS */;
INSERT INTO `prova_aluno` VALUES (1,1,1,9,30,4,40,13),(2,2,2,6,20,8,80,14),(3,3,3,17,57,2,20,19),(4,4,4,8,27,10,100,18),(5,5,5,12,40,3,30,15),(6,6,6,11,37,7,70,18),(7,7,7,13,43,6,60,19),(8,8,8,10,33,9,90,19),(9,9,9,10,33,3,30,13),(10,10,10,12,40,8,80,20),(11,11,11,9,30,7,70,16),(12,12,12,12,40,5,50,17),(13,13,13,13,43,7,70,20),(14,14,14,10,33,4,40,14),(15,15,15,14,47,6,60,20),(16,16,16,15,50,7,70,22),(17,17,17,14,47,8,80,22),(18,18,18,13,43,7,70,20),(19,19,19,23,77,9,90,32),(20,20,20,9,30,5,50,14),(21,21,21,10,33,5,50,15),(22,22,22,6,20,5,50,11),(23,23,23,14,47,8,80,22),(24,24,24,8,27,7,70,15),(25,25,25,11,37,8,80,19),(26,26,26,9,30,6,60,15),(27,27,27,5,17,7,70,12),(28,28,28,8,27,6,60,14),(29,29,29,9,30,6,60,15),(30,30,30,12,40,6,60,18),(31,31,31,11,37,6,60,17),(32,32,32,12,40,7,70,19),(33,33,33,11,37,5,50,16),(34,34,34,9,30,5,50,14),(35,35,35,15,50,7,70,22),(36,36,36,14,47,9,90,23),(37,37,37,11,37,5,50,16),(38,38,38,14,47,7,70,21),(39,39,39,12,40,6,60,18),(40,40,40,9,30,7,70,16),(41,41,41,8,27,3,30,11),(42,42,42,10,33,6,60,16),(43,43,43,9,30,4,40,13),(44,44,44,14,47,6,60,20),(45,45,45,14,47,6,60,20),(46,46,46,14,47,7,70,21),(47,47,47,8,27,5,50,13),(48,48,48,11,37,7,70,18),(49,49,49,11,37,6,60,17),(50,50,50,17,57,8,80,25),(51,51,51,11,37,8,80,19),(52,52,52,7,23,5,50,12),(53,53,53,7,23,8,80,15),(54,54,54,12,40,8,80,20),(55,55,55,7,23,6,60,13),(56,56,56,9,30,5,50,14),(57,57,57,8,27,7,70,15),(58,58,58,16,53,6,60,22),(59,59,59,9,30,3,30,12),(60,60,60,7,23,7,70,14),(61,61,61,8,27,6,60,14),(62,62,62,10,33,9,90,19),(63,63,63,9,30,5,50,14),(64,64,64,14,47,6,60,20),(65,65,65,14,47,9,90,23),(66,66,66,10,33,3,30,13),(67,67,67,7,23,4,40,11),(68,68,68,14,40,6,60,18),(69,69,69,16,53,6,60,22),(70,70,70,13,43,4,40,17),(71,71,71,10,33,6,60,16),(72,72,72,11,37,4,40,15),(73,73,73,11,37,4,40,15),(74,74,74,8,27,6,60,14),(75,75,75,7,23,8,80,15),(76,76,76,12,40,7,70,19),(77,77,77,17,57,7,70,24),(78,78,78,12,40,7,70,19),(79,79,79,14,47,3,30,17),(80,80,80,14,47,7,70,21),(81,81,81,11,37,5,50,16),(82,82,82,10,33,4,40,14),(83,83,83,12,40,7,70,19),(84,84,84,8,27,4,40,12),(85,85,85,13,43,4,40,17),(86,86,86,14,47,8,80,22),(87,87,87,14,27,7,70,15),(88,88,88,18,60,7,70,25),(89,89,89,14,47,5,50,19),(90,90,90,9,30,6,60,15),(91,91,91,15,50,7,70,22),(92,92,92,9,30,7,70,16),(93,93,93,14,47,7,70,21),(94,94,94,8,27,6,60,14),(95,95,95,11,37,6,60,17),(96,96,96,9,30,6,60,15),(97,97,97,16,53,5,50,21),(98,98,98,10,33,4,40,14),(99,99,99,9,30,4,40,13),(100,100,100,18,60,5,50,23),(101,101,101,16,53,5,50,21),(102,102,102,11,37,7,70,18),(103,103,103,13,43,6,60,19),(104,104,104,13,43,8,80,21),(105,105,105,13,43,5,50,18),(106,106,106,8,27,7,70,15),(107,107,107,10,33,2,20,12),(108,108,108,8,27,3,30,11),(109,109,109,12,40,6,60,18),(110,110,110,13,43,7,70,20),(111,111,111,10,33,8,80,18),(112,112,112,13,43,3,30,16),(113,113,113,11,37,6,60,17),(114,114,114,11,37,7,70,18),(115,115,115,8,27,5,50,13),(116,116,116,11,37,6,60,17),(117,117,117,6,20,4,40,10),(118,118,118,10,33,3,30,13),(119,119,119,17,57,6,60,23),(120,120,120,12,40,5,50,17),(121,121,121,15,50,6,60,21),(122,122,122,13,43,2,20,15),(123,123,123,7,23,7,70,14),(124,124,124,10,33,6,60,16),(125,125,125,12,40,4,40,16),(126,126,126,5,17,4,40,9),(127,127,127,9,30,2,20,11),(128,128,128,9,30,4,40,13),(129,129,129,6,20,1,10,7),(130,130,130,10,33,6,60,16),(131,131,131,9,30,4,40,13),(132,132,132,14,47,6,60,20),(133,133,133,9,30,8,80,17),(134,134,134,8,27,6,60,14),(135,135,135,12,40,6,60,18),(136,136,136,5,17,4,40,9),(137,137,137,14,47,5,50,19),(138,138,138,9,30,5,50,14),(139,139,139,15,50,6,60,21),(140,140,140,17,57,7,70,24),(141,141,141,8,27,2,20,10),(142,142,142,9,30,7,70,16),(143,143,143,12,40,7,70,19),(144,144,144,9,30,6,60,15),(145,145,145,10,33,4,40,14),(146,146,146,8,27,4,40,12),(147,147,147,7,23,8,80,15),(148,148,148,12,40,6,60,18),(149,149,149,13,43,3,30,16),(150,150,150,9,30,5,50,14),(151,151,151,7,23,7,70,14),(152,152,152,18,60,7,70,25),(153,153,153,13,43,6,60,19),(154,154,154,8,27,2,20,10),(155,155,155,5,17,8,80,13),(156,156,156,12,40,5,50,17),(157,157,157,10,33,5,50,15),(158,158,158,7,23,3,30,10),(159,159,159,13,43,3,30,16),(160,160,160,12,40,8,80,20),(161,161,161,12,40,6,60,18),(162,162,162,8,27,6,60,14),(163,163,163,8,27,8,80,16),(164,164,164,8,27,4,40,12),(165,165,165,16,53,8,80,24),(166,166,166,9,30,3,30,12),(167,167,167,13,43,6,60,19),(168,168,168,10,33,7,70,17),(169,169,169,14,47,8,80,22),(170,170,170,12,40,5,50,17),(171,171,171,13,43,5,50,18),(172,172,172,13,43,7,70,20),(173,173,173,13,43,3,30,16),(174,174,174,10,33,4,40,14),(175,175,175,11,37,2,20,13),(176,176,176,12,40,7,70,19),(177,177,177,20,40,4,40,16),(178,178,178,18,60,9,90,27),(179,179,179,15,50,5,50,20),(180,180,180,9,30,7,70,16),(181,181,181,10,33,3,30,13),(182,182,182,10,33,4,40,14),(183,183,183,11,37,3,30,14),(184,184,184,15,50,7,70,22),(185,185,185,14,47,7,70,21),(186,186,186,12,40,4,40,16),(187,187,187,14,47,7,70,21),(188,188,188,10,33,5,50,15),(189,189,189,11,37,5,50,16),(190,190,190,12,40,8,80,20),(191,191,191,7,23,5,50,12),(192,192,192,14,47,8,80,22),(193,193,193,9,30,4,40,13),(194,194,194,11,37,6,60,17),(195,195,195,9,30,5,50,14),(196,196,196,11,37,10,100,21),(197,197,197,15,50,9,90,24),(198,198,198,11,37,6,60,17),(199,199,199,11,37,2,20,13),(200,200,200,10,33,7,70,17),(201,201,201,15,50,7,70,22),(202,202,202,14,47,6,60,20),(203,203,203,14,47,8,80,22),(204,204,204,8,27,5,50,13),(205,205,205,12,40,8,80,20),(206,206,206,15,50,7,70,22),(207,207,207,8,27,2,20,10),(208,208,208,9,30,4,40,13),(209,209,209,13,43,7,70,20),(210,210,210,12,40,2,20,14),(211,211,211,12,40,4,40,16),(212,212,212,7,23,6,60,13),(213,213,213,13,43,7,70,20),(214,214,214,14,47,6,60,20),(215,215,215,12,40,5,50,17),(216,216,216,10,33,7,70,17),(217,217,217,11,37,5,50,16),(218,218,218,10,33,3,30,13),(219,219,219,12,40,4,40,16),(220,220,220,13,43,4,40,17),(221,221,221,12,40,7,70,19),(222,222,222,11,37,4,40,15),(223,223,223,17,57,8,80,25),(224,224,224,17,57,7,70,24),(225,225,225,6,23,4,40,11),(226,226,226,9,30,7,70,16),(227,227,227,5,17,3,30,8),(228,228,228,10,33,5,50,15),(229,229,229,11,37,5,50,16),(230,230,230,9,30,4,40,13),(231,231,231,12,40,5,50,17),(232,232,232,18,30,8,80,17),(233,233,233,23,77,7,70,30),(234,234,234,12,40,6,60,18),(235,235,235,13,43,6,60,19),(236,236,236,10,33,4,40,14),(237,237,237,11,37,3,30,14),(238,238,238,10,33,3,30,13),(239,239,239,12,40,5,50,17),(240,240,240,11,37,3,30,14),(241,241,241,6,20,5,50,11),(242,242,242,10,33,4,40,14),(243,243,243,11,37,7,70,18),(244,244,244,14,47,9,90,23),(245,245,245,9,30,4,40,13),(246,246,246,11,37,8,80,19),(247,247,247,17,57,8,80,25),(248,248,248,10,33,9,90,19),(249,249,249,13,43,5,50,18),(250,250,250,5,17,9,90,14),(251,251,251,16,53,5,50,21),(252,252,252,9,30,5,50,14),(253,253,253,15,50,6,60,21),(254,254,254,16,53,6,60,22),(255,255,255,15,50,8,80,23),(256,256,256,7,23,7,70,14),(257,257,257,12,40,8,80,20),(258,258,258,16,53,5,50,21),(259,259,259,13,43,3,30,16),(260,260,260,10,33,2,20,12),(261,261,261,13,43,5,50,18),(262,262,262,6,20,6,60,12),(263,263,263,14,47,6,60,20),(264,264,264,16,53,5,50,21),(265,265,265,20,43,4,40,17),(266,266,266,15,50,7,70,22),(267,267,267,10,33,7,70,17),(268,268,268,14,47,6,60,20),(269,269,269,13,43,9,90,22),(270,270,270,17,57,6,60,23),(271,271,271,13,43,4,40,17),(272,272,272,6,20,5,50,11),(273,273,273,14,47,3,30,17),(274,274,274,16,53,10,100,26),(275,275,275,10,33,3,30,13),(276,276,276,15,50,6,60,21),(277,277,277,11,37,5,50,16),(278,278,278,22,73,8,80,30),(279,279,279,7,23,5,50,12),(280,280,280,10,33,4,40,14),(281,281,281,6,20,5,50,11),(282,282,282,13,43,6,60,19),(283,283,283,11,37,5,50,16),(284,284,284,10,33,6,60,16),(285,285,285,9,30,7,70,16),(286,286,286,8,27,6,60,14),(287,287,287,6,20,6,60,12),(288,288,288,17,57,7,70,24),(289,289,289,14,47,5,50,19),(290,290,290,9,30,4,40,13),(291,291,291,12,40,8,80,20),(292,292,292,8,27,5,50,13),(293,293,293,10,33,6,60,16),(294,294,294,13,43,6,60,19),(295,295,295,15,50,6,60,21),(296,296,296,8,27,7,70,15),(297,297,297,9,30,3,30,12),(298,298,298,15,50,6,60,21),(299,299,299,20,67,4,40,24),(300,300,300,9,30,7,70,16),(301,301,301,8,27,6,60,14),(302,302,302,8,27,0,0,8),(303,303,303,11,37,5,50,16),(304,304,304,13,43,6,60,19),(305,305,305,11,37,6,60,17),(306,306,306,13,43,7,70,20),(307,307,307,11,37,4,40,15),(308,308,308,13,43,6,60,19),(309,309,309,9,30,7,70,16),(310,310,310,15,50,7,70,22),(311,311,311,6,20,6,60,12),(312,312,312,15,50,2,20,17),(313,313,313,13,43,5,50,18),(314,314,314,14,47,8,80,22),(315,315,315,9,30,5,50,14),(316,316,316,10,33,7,70,17),(317,317,317,11,37,6,60,17),(318,318,318,11,37,6,60,17),(319,319,319,10,33,6,60,16),(320,320,320,10,33,4,40,14),(321,321,321,20,67,9,90,29),(322,322,322,12,40,7,70,19),(323,323,323,12,40,6,60,18),(324,324,324,11,37,6,60,17),(325,325,325,11,37,3,30,14),(326,326,326,13,43,9,90,22),(327,327,327,11,37,6,60,17),(328,328,328,11,37,7,70,18),(329,329,329,12,40,5,50,17),(330,330,330,14,47,3,30,17),(331,331,331,13,43,5,50,18),(332,332,332,6,20,2,20,8),(333,333,333,10,33,5,50,15),(334,334,334,16,53,3,30,19),(335,335,335,10,33,4,40,14),(336,336,336,8,27,6,60,14),(337,337,337,11,37,6,60,17),(338,338,338,8,27,6,60,14),(339,339,339,17,57,7,70,24),(340,340,340,8,27,9,90,17),(341,341,341,6,20,6,60,12),(342,342,342,10,33,4,40,14),(343,343,343,9,30,7,70,16),(344,344,344,10,33,9,90,19),(345,345,345,10,33,9,90,19),(346,346,346,17,57,9,90,26),(347,347,347,8,27,5,50,13),(348,348,348,12,40,9,90,21),(349,349,349,8,27,4,40,12),(350,350,350,13,43,10,100,23),(351,351,351,15,50,7,70,22),(352,352,352,5,17,6,60,11),(353,353,353,12,40,9,90,21),(354,354,354,17,57,8,80,25),(355,355,355,21,70,8,80,29),(356,356,356,12,40,7,70,19),(357,357,357,24,80,10,100,34),(358,358,358,8,27,8,80,16),(359,359,359,17,57,8,80,25),(360,360,360,15,50,5,50,20),(361,361,361,13,43,4,40,17),(362,362,362,6,20,9,90,15),(363,363,363,13,43,10,100,23),(364,364,364,8,27,8,80,16),(365,365,365,14,47,5,50,19),(366,366,366,15,50,5,50,20),(367,367,367,15,50,8,80,23),(368,368,368,13,43,9,90,22),(369,369,369,6,20,9,90,15),(370,370,370,15,50,8,80,23),(371,371,371,12,40,5,50,17),(372,372,372,16,53,8,80,24),(373,373,373,7,23,7,70,14),(374,374,374,17,57,8,80,25),(375,375,375,15,50,7,70,22),(376,376,376,15,50,7,70,22),(377,377,377,6,20,3,30,9),(378,378,378,8,27,6,60,14),(379,379,379,16,53,9,90,25),(380,380,380,15,50,9,90,24),(381,381,381,8,27,9,90,17),(382,382,382,12,40,5,50,17),(383,383,383,14,47,6,60,20),(384,384,384,18,60,8,80,26),(385,385,385,9,30,6,60,15),(386,386,386,12,40,5,50,17),(387,387,387,9,30,8,80,17),(388,388,388,17,57,9,90,26),(389,389,389,9,30,6,60,15),(390,390,390,17,57,9,90,26),(391,391,391,14,47,7,70,21),(392,392,392,18,60,10,100,28),(393,393,393,10,33,8,80,18),(394,394,394,14,47,7,70,21),(395,395,395,12,40,4,40,16),(396,396,396,11,37,5,50,16),(397,397,397,17,57,8,80,25),(398,398,398,9,30,5,50,14),(399,399,399,15,50,7,70,22),(400,400,400,19,63,7,70,26),(401,401,401,19,63,10,100,29),(402,402,402,10,33,7,70,17),(403,403,403,8,27,6,60,14),(404,404,404,16,53,8,80,24),(405,405,405,13,43,5,50,18),(406,406,406,4,13,3,30,7),(407,407,407,3,10,7,70,10),(408,408,408,11,37,8,80,19),(409,409,409,10,33,5,50,15),(410,410,410,11,37,9,90,20),(411,411,411,9,30,7,70,16),(412,412,412,11,37,4,40,15),(413,413,413,8,27,6,60,14),(414,414,414,15,50,10,100,25),(415,415,415,8,27,7,70,15),(416,416,416,10,33,4,40,14),(417,417,417,12,40,9,90,21),(418,418,418,7,23,3,30,10),(419,419,419,20,67,8,80,28),(420,420,420,13,43,10,100,23),(421,421,421,8,27,7,70,15),(422,422,422,11,37,8,80,19),(423,423,423,14,47,8,80,22),(424,424,424,13,43,10,100,23),(425,425,425,9,30,9,90,18),(426,426,426,8,27,6,60,14),(427,427,427,6,20,7,70,13),(428,428,428,11,37,9,90,20),(429,429,429,20,67,9,90,29),(430,430,430,16,53,7,70,23),(431,431,431,4,13,3,30,7),(432,432,432,9,30,8,80,17),(433,433,433,13,43,6,60,19),(434,434,434,12,40,8,80,20),(435,435,435,7,23,10,100,17),(436,436,436,15,50,10,100,25),(437,437,437,11,37,8,80,19),(438,438,438,8,27,7,70,15),(439,439,439,16,53,6,60,22),(440,440,440,18,60,9,90,27),(441,441,441,6,20,3,30,9),(442,442,442,8,27,5,50,13),(443,443,443,5,17,6,60,11),(444,444,444,22,73,10,100,32),(445,445,445,9,30,6,60,15),(446,446,446,18,60,9,90,27),(447,447,447,17,57,7,70,24),(448,448,448,21,70,10,100,31),(449,449,449,7,23,7,70,14),(450,450,450,11,37,5,50,16),(451,451,451,9,30,6,60,15),(452,452,452,11,37,8,80,19),(453,453,453,14,47,6,60,20),(454,454,454,10,33,8,80,18),(455,455,455,14,47,8,80,22),(456,456,456,15,50,7,70,22),(457,457,457,7,23,7,70,14),(458,458,458,18,60,10,100,28),(459,459,459,18,60,9,90,27),(460,460,460,5,17,3,30,8),(461,461,461,6,20,4,40,10),(462,462,462,18,60,10,100,28),(463,463,463,6,20,3,30,9),(464,464,464,8,27,2,20,10),(465,465,465,15,50,6,60,21),(466,466,466,6,20,7,70,13),(467,467,467,12,40,8,80,20),(468,468,468,18,60,8,80,26),(469,469,469,4,13,4,40,8),(470,470,470,7,23,7,70,14),(471,471,471,16,53,5,50,21),(472,472,472,17,57,8,80,25),(473,473,473,6,20,7,70,13),(474,474,474,7,23,3,30,10),(475,475,475,9,30,2,20,11),(476,476,476,8,27,9,90,17),(477,477,477,8,27,6,60,14),(478,478,478,14,47,8,80,22),(479,479,479,7,23,7,70,14),(480,480,480,7,23,3,30,10),(481,481,481,9,30,7,70,16),(482,482,482,14,47,5,50,19),(483,483,483,16,53,9,90,25),(484,484,484,12,40,5,50,17),(485,485,485,20,67,8,80,28),(486,486,486,20,67,8,80,28),(487,487,487,19,63,10,100,29),(488,488,488,1,3,6,60,7),(489,489,489,10,33,8,80,18),(490,490,490,11,37,9,90,20),(491,491,491,8,27,5,50,13),(492,492,492,8,27,5,50,13),(493,493,493,8,27,6,60,14),(494,494,494,9,30,6,60,15),(495,495,495,12,40,9,90,21),(496,496,496,13,43,10,100,23),(497,497,497,16,53,7,70,23),(498,498,498,12,40,8,80,20),(499,499,499,9,30,6,60,15),(500,500,500,12,40,3,30,15),(501,501,501,12,40,4,40,16),(502,502,502,9,30,9,90,18),(503,503,503,14,47,9,90,23),(504,504,504,10,33,6,60,16),(505,505,505,21,70,9,90,30),(506,506,506,6,20,7,70,13),(507,507,507,7,23,7,70,14),(508,508,508,11,37,3,30,14),(509,509,509,7,23,7,70,14),(510,510,510,10,33,8,80,18),(511,511,511,8,27,3,30,11),(512,512,512,7,23,5,50,12),(513,513,513,15,50,9,90,24),(514,514,514,14,47,8,80,22),(515,515,515,21,70,10,100,31),(516,516,516,12,40,9,90,21),(517,517,517,11,37,7,70,18),(518,518,518,14,47,6,60,20),(519,519,519,9,30,6,60,15),(520,520,520,8,27,6,60,14),(521,521,521,8,27,6,60,14),(522,522,522,9,30,6,60,15),(523,523,523,15,50,9,90,24),(524,524,524,13,43,6,60,19),(525,525,525,9,30,8,80,17),(526,526,526,10,33,8,80,18),(527,527,527,15,50,8,80,23),(528,528,528,5,17,7,70,12),(529,529,529,13,43,8,80,21),(530,530,530,4,13,4,40,8),(531,531,531,14,47,5,50,19),(532,532,532,4,13,5,50,9),(533,533,533,12,40,7,70,19),(534,534,534,13,43,8,80,21),(535,535,535,11,37,7,70,18),(536,536,536,18,60,8,80,26),(537,537,537,11,37,9,90,20),(538,538,538,9,30,4,40,13),(539,539,539,16,53,6,60,22),(540,540,540,11,37,7,70,18),(541,541,541,9,30,5,50,14),(542,542,542,8,27,8,80,16),(543,543,543,9,30,8,80,17),(544,544,544,9,30,4,40,13),(545,545,545,15,50,4,40,19),(546,546,546,10,33,8,80,18),(547,547,547,14,47,10,100,24),(548,548,548,10,33,6,60,16),(549,549,549,10,33,7,70,17),(550,550,550,11,37,6,60,17),(551,551,551,10,33,7,70,17),(552,552,552,13,43,4,40,17),(553,553,553,18,60,10,100,28),(554,554,554,9,30,8,80,17),(555,555,555,14,47,7,70,21),(556,556,556,10,33,8,80,18),(557,557,557,11,37,6,60,17),(558,558,558,10,33,7,70,17),(559,559,559,19,63,10,100,29),(560,560,560,11,37,9,90,20),(561,561,561,7,23,7,70,14),(562,562,562,11,37,6,60,17),(563,563,563,18,60,8,80,26),(564,564,564,16,53,7,70,23),(565,565,565,12,40,5,50,17),(566,566,566,12,40,9,90,21),(567,567,567,7,23,7,70,14),(568,568,568,12,40,7,70,19),(569,569,569,9,30,6,60,15),(570,570,570,18,60,8,80,26),(571,571,571,9,30,7,70,16),(572,572,572,14,47,9,90,23),(573,573,573,13,43,7,70,20),(574,574,574,6,20,4,40,10),(575,575,575,12,40,6,60,18),(576,576,576,10,33,7,70,17),(577,577,577,12,40,6,60,18),(578,578,578,13,43,9,90,22),(579,579,579,9,30,6,60,15),(580,580,580,14,47,5,50,19),(581,581,581,11,37,8,80,19),(582,582,582,9,30,3,30,12),(583,583,583,11,37,7,70,18),(584,584,584,8,27,4,40,12),(585,585,585,16,53,6,60,22),(586,586,586,12,40,6,60,18),(587,587,587,11,37,8,80,19),(588,588,588,7,23,5,50,12),(589,589,589,19,63,10,100,29),(590,590,590,15,50,7,70,22),(591,591,591,12,40,5,50,17),(592,592,592,11,37,6,60,17),(593,593,593,15,50,7,70,22),(594,594,594,10,33,6,60,16),(595,595,595,11,37,7,70,18),(596,596,596,14,47,10,100,24),(597,597,597,10,33,7,70,17),(598,598,598,10,33,6,60,16),(599,599,599,11,37,9,90,20),(600,600,600,19,63,4,40,23),(601,601,601,14,47,9,90,23),(602,602,602,16,53,10,100,26),(603,603,603,8,27,9,90,17),(604,604,604,12,40,10,100,22),(605,605,605,16,53,7,70,23),(606,606,606,21,70,7,70,28),(607,607,607,11,37,9,90,20),(608,608,608,12,40,7,70,19),(609,609,609,23,77,8,80,31),(610,610,610,15,50,9,90,24),(611,611,611,20,67,9,90,29),(612,612,612,11,37,8,80,19),(613,613,613,12,40,7,70,19),(614,614,614,8,27,2,20,10),(615,615,615,17,57,9,90,26),(616,616,616,10,33,4,40,14),(617,617,617,17,57,10,100,27),(618,618,618,9,30,8,80,17),(619,619,619,14,47,6,60,20),(620,620,620,14,47,9,90,23),(621,621,621,13,43,9,90,22),(622,622,622,6,20,5,50,11),(623,623,623,17,57,7,70,24),(624,624,624,9,30,7,70,16),(625,625,625,6,20,7,70,13),(626,626,626,13,43,7,70,20),(627,627,627,12,40,7,70,19),(628,628,628,13,43,9,90,22),(629,629,629,10,33,4,40,14),(630,630,630,11,37,6,60,17),(631,631,631,11,37,6,60,17),(632,632,632,8,27,9,90,17),(633,633,633,5,17,5,50,10),(634,634,634,13,43,7,70,20),(635,635,635,13,43,7,70,20),(636,636,636,11,37,7,70,18),(637,637,637,13,43,6,60,19),(638,638,638,13,43,9,90,22),(639,639,639,11,37,7,70,18),(640,640,640,15,50,9,90,24),(641,641,641,15,50,9,90,24),(642,642,642,9,30,9,90,18),(643,643,643,16,53,7,70,23),(644,644,644,12,40,7,70,19),(645,645,645,8,27,3,30,11),(646,646,646,18,60,10,100,28),(647,647,647,15,50,6,60,21),(648,648,648,14,47,10,100,24),(649,649,649,10,33,5,50,15),(650,650,650,10,33,9,90,19),(651,651,651,12,40,8,80,20),(652,652,652,6,20,8,80,14),(653,653,653,17,57,9,90,26),(654,654,654,12,40,10,100,22),(655,655,655,6,20,8,80,14),(656,656,656,11,37,9,90,20),(657,657,657,13,43,5,50,18),(658,658,658,21,70,10,100,31),(659,659,659,9,30,6,60,15),(660,660,660,11,37,8,80,19),(661,661,661,6,20,5,50,11),(662,662,662,13,43,3,30,16),(663,663,663,12,40,5,50,17),(664,664,664,8,27,4,40,12),(665,665,665,10,33,6,60,16),(666,666,666,9,30,5,50,14),(667,667,667,12,40,8,80,20),(668,668,668,7,23,7,70,14),(669,669,669,10,33,8,80,18),(670,670,670,16,53,9,90,25),(671,671,671,16,53,7,70,23),(672,672,672,9,30,6,60,15),(673,673,673,5,17,8,80,13),(674,674,674,11,37,5,50,16),(675,675,675,7,23,10,100,17),(676,676,676,20,67,9,90,29),(677,677,677,13,43,9,90,22),(678,678,678,20,67,7,70,27),(679,679,679,18,60,9,90,27),(680,680,680,22,73,9,90,31),(681,681,681,17,57,8,80,25),(682,682,682,9,30,6,60,15),(683,683,683,18,60,10,100,28),(684,684,684,11,37,8,80,19),(685,685,685,6,20,7,70,13),(686,686,686,21,70,8,80,29),(687,687,687,10,33,5,50,15),(688,688,688,15,50,8,80,23),(689,689,689,19,63,9,90,28),(690,690,690,11,37,5,50,16),(691,691,691,17,57,8,80,25),(692,692,692,11,37,5,50,16),(693,693,693,14,47,10,100,24),(694,694,694,17,57,9,90,26),(695,695,695,11,37,9,90,20),(696,696,696,11,37,9,90,20),(697,697,697,14,47,9,90,23),(698,698,698,9,30,6,60,15),(699,699,699,10,33,6,60,16),(700,700,700,14,47,6,60,20),(701,701,701,14,47,9,90,23),(702,702,702,13,43,9,90,22),(703,703,703,19,63,9,90,28),(704,704,704,14,47,7,70,21),(705,705,705,16,53,10,100,26),(706,706,706,16,53,8,80,24),(707,707,707,12,40,8,80,20),(708,708,708,5,17,6,60,11),(709,709,709,20,67,7,70,27),(710,710,710,13,43,7,70,20),(711,711,711,10,33,9,90,19),(712,712,712,9,30,4,40,13),(713,713,713,6,20,3,30,9),(714,714,714,16,53,5,50,21),(715,715,715,18,60,7,70,25),(716,716,716,19,63,10,100,29),(717,717,717,13,43,7,70,20),(718,718,718,11,37,6,60,17),(719,719,719,15,50,9,90,24),(720,720,720,11,37,8,80,19),(721,721,721,14,47,6,60,20),(722,722,722,15,50,8,80,23),(723,723,723,13,43,7,70,20),(724,724,724,6,20,6,60,12),(725,725,725,11,37,6,60,17),(726,726,726,13,43,5,50,18),(727,727,727,12,40,9,90,21),(728,728,728,18,60,6,60,24),(729,729,729,8,27,5,50,13),(730,730,730,8,27,8,80,16),(731,731,731,4,13,7,70,11),(732,732,732,7,23,6,60,13),(733,733,733,9,30,5,50,14),(734,734,734,7,23,2,20,9),(735,735,735,9,30,7,70,16),(736,736,736,13,43,8,80,21),(737,737,737,15,50,9,90,24),(738,738,738,13,43,10,100,23),(739,739,739,7,23,9,90,16),(740,740,740,6,20,5,50,11),(741,741,741,13,43,8,80,21),(742,742,742,10,33,9,90,19),(743,743,743,12,40,7,70,19),(744,744,744,8,27,5,50,13),(745,745,745,14,47,6,60,20),(746,746,746,10,33,6,60,16),(747,747,747,11,37,4,40,15),(748,748,748,11,37,7,70,18),(749,749,749,12,40,7,70,19),(750,750,750,14,47,8,80,22),(751,751,751,10,33,8,80,18),(752,752,752,9,30,8,80,17),(753,753,753,16,53,7,70,23),(754,754,754,8,27,9,90,17),(755,755,755,7,23,5,50,12),(756,756,756,11,37,3,30,14),(757,757,757,12,40,7,70,19),(758,758,758,13,43,8,80,21),(759,759,759,6,20,6,60,12),(760,760,760,11,37,2,20,13),(761,761,761,7,23,6,60,13),(762,762,762,15,50,10,100,25),(763,763,763,11,37,4,40,15),(764,764,764,16,53,3,30,19),(765,765,765,13,43,7,70,20),(766,766,766,12,40,7,70,19),(767,767,767,22,73,10,100,32),(768,768,768,17,57,7,70,24),(769,769,769,13,43,6,60,19),(770,770,770,13,43,8,80,21),(771,771,771,8,27,7,70,15),(772,772,772,12,40,3,30,15),(773,773,773,18,60,9,90,27),(774,774,774,14,47,6,60,20),(775,775,775,12,40,5,50,17),(776,776,776,15,50,7,70,22),(777,777,777,10,33,5,50,15),(778,778,778,10,33,5,50,15),(779,779,779,5,17,4,40,9),(780,780,780,15,50,9,90,24),(781,781,781,12,40,10,100,22),(782,782,782,10,33,10,100,20),(783,783,783,4,13,4,40,8),(784,784,784,10,33,7,70,17),(785,785,785,14,47,8,80,22),(786,786,786,8,27,6,60,14),(787,787,787,10,33,8,80,18),(788,788,788,11,37,7,70,18),(789,789,789,6,20,8,80,14),(790,790,790,8,27,7,70,15),(791,791,791,10,33,7,70,17),(792,792,792,7,23,5,50,12),(793,793,793,4,13,5,50,9),(794,794,794,12,40,8,80,20),(795,795,795,12,40,8,80,20),(796,796,796,9,30,9,90,18),(797,797,797,17,57,8,80,25),(798,798,798,10,33,7,70,17),(799,799,799,13,43,6,60,19),(800,800,800,9,30,7,70,16),(801,801,801,11,37,6,60,17),(802,802,802,15,50,8,80,23),(803,803,803,14,47,8,80,22),(804,804,804,10,33,8,80,18),(805,805,805,15,50,5,50,20),(806,806,806,7,23,5,50,12),(807,807,807,6,20,7,70,13),(808,808,808,12,40,8,80,20),(809,809,809,15,50,8,80,23),(810,810,810,15,50,8,80,23),(811,811,811,14,47,6,60,20),(812,812,812,8,27,8,80,16),(813,813,813,14,47,8,80,22),(814,814,814,9,30,7,70,16),(815,815,815,7,23,6,60,13),(816,816,816,11,37,3,30,14),(817,817,817,11,37,7,70,18),(818,818,818,7,23,4,40,11),(819,819,819,9,30,5,50,14),(820,820,820,11,37,9,90,20),(821,821,821,9,30,7,70,16),(822,822,822,7,23,6,60,13),(823,823,823,6,20,9,90,15),(824,824,824,11,37,7,70,18),(825,825,825,14,47,8,80,22),(826,826,826,9,30,6,60,15),(827,827,827,8,27,3,30,11),(828,828,828,15,50,7,70,22),(829,829,829,8,27,7,70,15),(830,830,830,5,17,7,70,12),(831,831,831,9,30,6,60,15),(832,832,832,4,13,9,90,13),(833,833,833,13,43,8,80,21),(834,834,834,13,43,8,80,21),(835,835,835,12,40,7,70,19),(836,836,836,12,40,8,80,20),(837,837,837,7,23,7,70,14),(838,838,838,13,43,7,70,20),(839,839,839,11,37,7,70,18),(840,840,840,6,20,8,80,14),(841,841,841,12,40,9,90,21),(842,842,842,10,33,4,40,14),(843,843,843,7,23,8,80,15),(844,844,844,12,40,9,90,21),(845,845,845,15,50,6,60,21),(846,846,846,11,37,5,50,16),(847,847,847,15,50,8,80,23),(848,848,848,4,13,6,60,10),(849,849,849,14,47,8,80,22),(850,850,850,12,40,8,80,20),(851,851,851,11,37,8,80,19),(852,852,852,10,33,6,60,16),(853,853,853,10,33,9,90,19),(854,854,854,15,50,5,50,20),(855,855,855,7,23,6,60,13),(856,856,856,18,60,7,70,25),(857,857,857,8,27,7,70,15),(858,858,858,10,33,4,40,14),(859,859,859,9,30,7,70,16),(860,860,860,8,27,7,70,15),(861,861,861,9,30,8,80,17),(862,862,862,14,47,6,60,20),(863,863,863,11,37,8,80,19),(864,864,864,10,33,8,80,18),(865,865,865,9,30,8,80,17),(866,866,866,4,13,7,70,11),(867,867,867,7,23,7,70,14),(868,868,868,11,37,7,70,18),(869,869,869,13,43,6,60,19),(870,870,870,9,30,7,70,16),(871,871,871,9,30,7,70,16),(872,872,872,8,27,5,50,13),(873,873,873,11,37,7,70,18),(874,874,874,5,17,8,80,13),(875,875,875,13,43,7,70,20),(876,876,876,13,43,7,70,20),(877,877,877,15,50,7,70,22),(878,878,878,13,43,10,100,23),(879,879,879,11,37,4,40,15),(880,880,880,10,33,5,50,15),(881,881,881,18,60,7,70,25),(882,882,882,10,33,6,60,16),(883,883,883,5,17,6,60,11),(884,884,884,14,47,8,80,22),(885,885,885,8,27,7,70,15),(886,886,886,6,20,6,60,12),(887,887,887,11,37,4,40,15),(888,888,888,14,47,9,90,23),(889,889,889,8,27,5,50,13),(890,890,890,13,43,7,70,20),(891,891,891,8,27,7,70,15),(892,892,892,9,30,8,80,17),(893,893,893,7,23,8,80,15),(894,894,894,8,27,6,60,14),(895,895,895,7,23,8,80,15),(896,896,896,7,23,6,60,13),(897,897,897,16,53,9,90,25),(898,898,898,7,23,3,30,10),(899,899,899,7,23,5,50,12),(900,900,900,12,40,7,70,19),(901,901,901,17,57,7,70,24),(902,902,902,6,20,8,80,14),(903,903,903,11,37,6,60,17),(904,904,904,9,30,7,70,16),(905,905,905,8,27,5,50,13),(906,906,906,12,40,7,70,19),(907,907,907,11,37,7,70,18),(908,908,908,12,40,7,70,19),(909,909,909,9,30,5,50,14),(910,910,910,9,30,8,80,17),(911,911,911,12,40,7,70,19),(912,912,912,16,53,7,70,23),(913,913,913,11,37,7,70,18),(914,914,914,19,63,9,90,28),(915,915,915,5,17,7,70,12),(916,916,916,4,13,5,50,9),(917,917,917,10,33,7,70,17),(918,918,918,8,27,7,70,15),(919,919,919,11,37,6,60,17),(920,920,920,12,40,7,70,19),(921,921,921,12,40,6,60,18),(922,922,922,8,27,4,40,12),(923,923,923,16,53,6,60,22),(924,924,924,8,27,5,50,13),(925,925,925,9,30,2,20,11),(926,926,926,10,33,6,60,16),(927,927,927,11,37,4,40,15),(928,928,928,2,7,3,30,5),(929,929,929,6,20,5,50,11),(930,930,930,10,33,3,30,13),(931,931,931,18,60,8,80,26),(932,932,932,13,43,5,50,18),(933,933,933,9,30,4,40,13),(934,934,934,11,37,8,80,19),(935,935,935,9,30,5,50,14),(936,936,936,12,40,5,50,17),(937,937,937,11,37,6,60,17),(938,938,938,12,40,6,60,18),(939,939,939,6,20,8,80,14),(940,940,940,9,30,5,50,14),(941,941,941,7,23,6,60,13),(942,942,942,12,40,5,50,17),(943,943,943,12,40,7,70,19),(944,944,944,17,57,6,60,23),(945,945,945,10,33,2,20,12),(946,946,946,12,40,6,60,18),(947,947,947,4,13,7,70,11),(948,948,948,14,47,7,70,21),(949,949,949,11,37,6,60,17),(950,950,950,12,40,6,60,18),(951,951,951,9,30,5,50,14),(952,952,952,12,40,4,40,16),(953,953,953,12,40,6,60,18),(954,954,954,10,33,7,70,17),(955,955,955,9,30,6,60,15),(956,956,956,5,17,6,60,11),(957,957,957,10,33,4,40,14),(958,958,958,7,23,4,40,11),(959,959,959,10,33,7,70,17),(960,960,960,8,27,5,50,13),(961,961,961,11,37,5,50,16),(962,962,962,10,33,7,70,17),(963,963,963,11,37,5,50,16),(964,964,964,9,30,7,70,16),(965,965,965,8,27,6,60,14),(966,966,966,14,47,6,60,20),(967,967,967,12,40,7,70,19),(968,968,968,11,37,5,50,16),(969,969,969,13,43,6,60,19),(970,970,970,13,43,4,40,17),(971,971,971,9,30,3,30,12),(972,972,972,10,33,6,60,16),(973,973,973,11,37,3,30,14),(974,974,974,9,30,3,30,12),(975,975,975,12,40,4,40,16),(976,976,976,10,33,5,50,15),(977,977,977,9,30,4,40,13),(978,978,978,15,50,7,70,22),(979,979,979,11,37,3,30,14),(980,980,980,4,13,5,50,9),(981,981,981,9,30,8,80,17),(982,982,982,6,20,4,40,10),(983,983,983,11,37,5,50,16),(984,984,984,10,33,6,60,16),(985,985,985,7,23,4,40,11),(986,986,986,15,50,6,60,21),(987,987,987,7,23,4,40,11),(988,988,988,12,40,6,60,18),(989,989,989,8,27,6,60,14),(990,990,990,17,57,3,30,20),(991,991,991,11,37,4,40,15),(992,992,992,10,33,7,70,17),(993,993,993,3,10,3,30,6),(994,994,994,14,47,6,60,20),(995,995,995,14,47,8,80,22),(996,996,996,9,30,5,50,14),(997,997,997,14,47,4,40,18),(998,998,998,13,43,6,60,19),(999,999,999,14,47,6,60,20),(1000,1000,1000,10,33,4,40,14),(1001,1001,1001,12,40,6,60,18),(1002,1002,1002,7,23,7,70,14),(1003,1003,1003,11,37,2,20,13),(1004,1004,1004,12,40,6,60,18),(1005,1005,1005,10,33,3,30,13),(1006,1006,1006,11,37,5,50,16),(1007,1007,1007,10,33,6,60,16),(1008,1008,1008,10,33,6,60,16),(1009,1009,1009,10,33,5,50,15),(1010,1010,1010,10,33,8,80,18),(1011,1011,1011,8,27,4,40,12),(1012,1012,1012,7,23,3,30,10),(1013,1013,1013,14,47,4,40,18),(1014,1014,1014,10,33,3,30,13),(1015,1015,1015,8,27,6,60,14),(1016,1016,1016,8,27,4,40,12),(1017,1017,1017,7,23,6,60,13),(1018,1018,1018,12,40,5,50,17),(1019,1019,1019,9,30,5,50,14),(1020,1020,1020,5,17,3,30,8),(1021,1021,1021,7,23,4,40,11),(1022,1022,1022,9,30,2,20,11),(1023,1023,1023,12,40,3,30,15),(1024,1024,1024,13,43,6,60,19),(1025,1025,1025,7,23,6,60,13),(1026,1026,1026,8,27,4,40,12),(1027,1027,1027,11,37,5,50,16),(1028,1028,1028,10,33,7,70,17),(1029,1029,1029,7,23,5,50,12),(1030,1030,1030,10,33,8,80,18),(1031,1031,1031,10,33,6,60,16),(1032,1032,1032,13,43,4,40,17),(1033,1033,1033,9,30,2,20,11),(1034,1034,1034,8,27,6,60,14),(1035,1035,1035,11,37,8,80,19),(1036,1036,1036,13,43,4,40,17),(1037,1037,1037,6,20,4,40,10),(1038,1038,1038,8,27,4,40,12),(1039,1039,1039,8,27,6,60,14),(1040,1040,1040,12,40,4,40,16),(1041,1041,1041,9,30,3,30,12),(1042,1042,1042,10,33,5,50,15),(1043,1043,1043,13,43,6,60,19),(1044,1044,1044,9,30,4,40,13),(1045,1045,1045,12,40,5,50,17),(1046,1046,1046,12,40,5,50,17),(1047,1047,1047,5,17,4,40,9),(1048,1048,1048,4,13,7,70,11),(1049,1049,1049,11,37,7,70,18),(1050,1050,1050,8,27,7,70,15),(1051,1051,1051,8,27,3,30,11),(1052,1052,1052,12,40,6,60,18),(1053,1053,1053,14,47,6,60,20),(1054,1054,1054,13,43,5,50,18),(1055,1055,1055,12,40,5,50,17),(1056,1056,1056,5,17,5,50,10),(1057,1057,1057,11,37,7,70,18),(1058,1058,1058,13,43,6,60,19),(1059,1059,1059,9,30,8,80,17),(1060,1060,1060,14,47,5,50,19),(1061,1061,1061,10,33,5,50,15),(1062,1062,1062,12,40,5,50,17),(1063,1063,1063,8,27,6,60,14),(1064,1064,1064,7,23,9,90,16),(1065,1065,1065,8,27,6,60,14),(1066,1066,1066,10,33,5,50,15),(1067,1067,1067,11,37,6,60,17),(1068,1068,1068,4,13,2,20,6),(1069,1069,1069,7,23,4,40,11),(1070,1070,1070,12,40,8,80,20),(1071,1071,1071,16,53,7,70,23),(1072,1072,1072,3,10,5,50,8),(1073,1073,1073,11,37,6,60,17),(1074,1074,1074,5,17,6,60,11),(1075,1075,1075,9,30,8,80,17),(1076,1076,1076,12,40,4,40,16),(1077,1077,1077,11,37,7,70,18),(1078,1078,1078,11,37,6,60,17),(1079,1079,1079,10,33,9,90,19),(1080,1080,1080,9,30,4,40,13),(1081,1081,1081,16,53,8,80,24),(1082,1082,1082,11,37,6,60,17),(1083,1083,1083,6,20,3,30,9),(1084,1084,1084,19,63,9,90,28),(1085,1085,1085,12,40,6,60,18),(1086,1086,1086,7,23,5,50,12),(1087,1087,1087,13,43,6,60,19),(1088,1088,1088,9,30,7,70,16),(1089,1089,1089,11,37,4,40,15),(1090,1090,1090,12,40,6,60,18),(1091,1091,1091,15,50,5,50,20),(1092,1092,1092,16,53,4,40,20),(1093,1093,1093,10,33,7,70,17),(1094,1094,1094,6,20,8,80,14),(1095,1095,1095,14,47,7,70,21),(1096,1096,1096,13,43,5,50,18),(1097,1097,1097,18,60,7,70,25),(1098,1098,1098,12,40,7,70,19),(1099,1099,1099,17,57,7,70,24),(1100,1100,1100,16,53,8,80,24),(1101,1101,1101,14,47,5,50,19),(1102,1102,1102,9,30,4,40,13),(1103,1103,1103,10,33,3,30,13),(1104,1104,1104,8,27,2,20,10),(1105,1105,1105,13,43,4,40,17),(1106,1106,1106,11,37,5,50,16),(1107,1107,1107,17,57,5,50,22),(1108,1108,1108,13,43,5,50,18),(1109,1109,1109,13,43,6,60,19),(1110,1110,1110,8,27,5,50,13),(1111,1111,1111,12,40,3,30,15),(1112,1112,1112,10,33,7,70,17),(1113,1113,1113,2,7,6,60,8),(1114,1114,1114,9,30,2,20,11),(1115,1115,1115,10,33,5,50,15),(1116,1116,1116,12,40,7,70,19),(1117,1117,1117,15,50,7,70,22),(1118,1118,1118,12,40,4,40,16),(1119,1119,1119,11,37,6,60,17),(1120,1120,1120,11,37,8,80,19),(1121,1121,1121,12,40,9,90,21),(1122,1122,1122,8,27,5,50,13),(1123,1123,1123,14,47,6,60,20),(1124,1124,1124,12,40,8,80,20),(1125,1125,1125,11,37,3,30,14),(1126,1126,1126,10,33,6,60,16),(1127,1127,1127,8,27,4,40,12),(1128,1128,1128,9,30,6,60,15),(1129,1129,1129,12,40,3,30,15),(1130,1130,1130,20,67,7,70,27),(1131,1131,1131,9,30,5,50,14),(1132,1132,1132,13,43,8,80,21),(1133,1133,1133,9,30,1,10,10),(1134,1134,1134,6,20,6,60,12),(1135,1135,1135,6,20,5,50,11),(1136,1136,1136,12,40,5,50,17),(1137,1137,1137,9,30,7,70,16),(1138,1138,1138,6,20,5,50,11),(1139,1139,1139,6,20,4,40,10),(1140,1140,1140,4,13,3,30,7),(1141,1141,1141,20,67,5,50,10),(1142,1142,1142,15,50,7,70,10),(1143,1143,1143,11,55,4,40,5),(1144,1144,1144,13,65,8,80,6.5),(1145,1145,1145,12,60,10,100,3.33),(1146,1146,1146,8,40,3,30,5),(1147,1147,1147,5,25,1,10,8),(1148,1148,1148,10,50,2,20,2),(1149,1149,1149,20,10,5,9,10),(1150,1150,1150,40,10,5,9,4),(1151,1151,1151,9,10,5,9,7),(1152,1152,1152,15,10,5,9,3),(1153,1153,1153,3,10,5,9,9),(1154,1154,1154,36,10,5,9,4),(1155,1155,1155,28,10,5,9,6),(1156,1156,1156,10,10,5,9,2);
/*!40000 ALTER TABLE `prova_aluno` ENABLE KEYS */;
UNLOCK TABLES;

--
-- Table structure for table `tipo_prova`
--

DROP TABLE IF EXISTS `tipo_prova`;
/*!40101 SET @saved_cs_client     = @@character_set_client */;
/*!40101 SET character_set_client = utf8 */;
CREATE TABLE `tipo_prova` (
  `id` int(11) NOT NULL,
  `gabarito` char(1) NOT NULL,
  `nome` varchar(45) DEFAULT NULL,
  PRIMARY KEY (`id`)
) ENGINE=InnoDB DEFAULT CHARSET=latin1;
/*!40101 SET character_set_client = @saved_cs_client */;

--
-- Dumping data for table `tipo_prova`
--

LOCK TABLES `tipo_prova` WRITE;
/*!40000 ALTER TABLE `tipo_prova` DISABLE KEYS */;
INSERT INTO `tipo_prova` VALUES (1,'A',NULL),(2,'E',NULL),(3,'B',NULL),(4,'F',NULL),(5,'B',NULL),(6,'B',NULL),(7,'A',NULL),(8,'B',NULL),(9,'A',NULL),(10,'C',NULL),(11,'B',NULL),(12,'C',NULL),(13,'A',NULL),(14,'E',NULL),(15,'A',NULL),(16,'C',NULL),(17,'B',NULL),(18,'E',NULL),(19,'A',NULL),(20,'D',NULL),(21,'A',NULL),(22,'C',NULL),(23,'F',NULL),(24,'C',NULL),(25,'B',NULL),(26,'D',NULL),(27,'F',NULL),(28,'E',NULL),(29,'C',NULL),(30,'A',NULL),(31,'A',NULL),(32,'A',NULL),(33,'C',NULL),(34,'A',NULL),(35,'A',NULL),(36,'B',NULL),(37,'C',NULL),(38,'C',NULL),(39,'C',NULL),(40,'A',NULL),(41,'B',NULL),(42,'C',NULL),(43,'F',NULL),(44,'A',NULL),(45,'C',NULL),(46,'C',NULL),(47,'C',NULL),(48,'E',NULL),(49,'B',NULL),(50,'B',NULL),(51,'A',NULL),(52,'A',NULL),(53,'C',NULL),(54,'B',NULL),(55,'B',NULL),(56,'C',NULL),(57,'B',NULL),(58,'A',NULL),(59,'E',NULL),(60,'C',NULL),(61,'B',NULL),(62,'C',NULL),(63,'A',NULL),(64,'C',NULL),(65,'B',NULL),(66,'E',NULL),(67,'B',NULL),(68,'B',NULL),(69,'C',NULL),(70,'F',NULL),(71,'F',NULL),(72,'A',NULL),(73,'D',NULL),(74,'E',NULL),(75,'F',NULL),(76,'C',NULL),(77,'B',NULL),(78,'C',NULL),(79,'A',NULL),(80,'D',NULL),(81,'C',NULL),(82,'C',NULL),(83,'C',NULL),(84,'D',NULL),(85,'A',NULL),(86,'B',NULL),(87,'C',NULL),(88,'A',NULL),(89,'D',NULL),(90,'C',NULL),(91,'A',NULL),(92,'B',NULL),(93,'A',NULL),(94,'E',NULL),(95,'B',NULL),(96,'F',NULL),(97,'A',NULL),(98,'C',NULL),(99,'D',NULL),(100,'B',NULL),(101,'C',NULL),(102,'B',NULL),(103,'D',NULL),(104,'C',NULL),(105,'B',NULL),(106,'F',NULL),(107,'C',NULL),(108,'B',NULL),(109,'C',NULL),(110,'C',NULL),(111,'F',NULL),(112,'E',NULL),(113,'B',NULL),(114,'B',NULL),(115,'C',NULL),(116,'C',NULL),(117,'D',NULL),(118,'E',NULL),(119,'A',NULL),(120,'D',NULL),(121,'D',NULL),(122,'B',NULL),(123,'B',NULL),(124,'A',NULL),(125,'F',NULL),(126,'F',NULL),(127,'C',NULL),(128,'A',NULL),(129,'E',NULL),(130,'B',NULL),(131,'E',NULL),(132,'A',NULL),(133,'F',NULL),(134,'C',NULL),(135,'A',NULL),(136,'F',NULL),(137,'D',NULL),(138,'C',NULL),(139,'B',NULL),(140,'B',NULL),(141,'F',NULL),(142,'E',NULL),(143,'B',NULL),(144,'A',NULL),(145,'A',NULL),(146,'A',NULL),(147,'D',NULL),(148,'B',NULL),(149,'A',NULL),(150,'F',NULL),(151,'C',NULL),(152,'B',NULL),(153,'B',NULL),(154,'C',NULL),(155,'A',NULL),(156,'B',NULL),(157,'A',NULL),(158,'B',NULL),(159,'F',NULL),(160,'D',NULL),(161,'D',NULL),(162,'A',NULL),(163,'C',NULL),(164,'B',NULL),(165,'B',NULL),(166,'A',NULL),(167,'B',NULL),(168,'F',NULL),(169,'C',NULL),(170,'A',NULL),(171,'E',NULL),(172,'C',NULL),(173,'C',NULL),(174,'D',NULL),(175,'D',NULL),(176,'F',NULL),(177,'B',NULL),(178,'C',NULL),(179,'A',NULL),(180,'C',NULL),(181,'C',NULL),(182,'A',NULL),(183,'C',NULL),(184,'B',NULL),(185,'D',NULL),(186,'A',NULL),(187,'E',NULL),(188,'B',NULL),(189,'B',NULL),(190,'C',NULL),(191,'A',NULL),(192,'C',NULL),(193,'B',NULL),(194,'C',NULL),(195,'A',NULL),(196,'C',NULL),(197,'D',NULL),(198,'C',NULL),(199,'D',NULL),(200,'A',NULL),(201,'A',NULL),(202,'A',NULL),(203,'A',NULL),(204,'A',NULL),(205,'B',NULL),(206,'A',NULL),(207,'C',NULL),(208,'E',NULL),(209,'C',NULL),(210,'B',NULL),(211,'A',NULL),(212,'C',NULL),(213,'A',NULL),(214,'C',NULL),(215,'B',NULL),(216,'D',NULL),(217,'B',NULL),(218,'D',NULL),(219,'A',NULL),(220,'E',NULL),(221,'B',NULL),(222,'A',NULL),(223,'B',NULL),(224,'E',NULL),(225,'A',NULL),(226,'B',NULL),(227,'E',NULL),(228,'F',NULL),(229,'B',NULL),(230,'D',NULL),(231,'A',NULL),(232,'C',NULL),(233,'B',NULL),(234,'A',NULL),(235,'D',NULL),(236,'C',NULL),(237,'E',NULL),(238,'B',NULL),(239,'E',NULL),(240,'C',NULL),(241,'C',NULL),(242,'C',NULL),(243,'C',NULL),(244,'A',NULL),(245,'E',NULL),(246,'B',NULL),(247,'C',NULL),(248,'F',NULL),(249,'A',NULL),(250,'B',NULL),(251,'A',NULL),(252,'F',NULL),(253,'A',NULL),(254,'A',NULL),(255,'E',NULL),(256,'E',NULL),(257,'A',NULL),(258,'A',NULL),(259,'D',NULL),(260,'C',NULL),(261,'C',NULL),(262,'F',NULL),(263,'A',NULL),(264,'D',NULL),(265,'A',NULL),(266,'C',NULL),(267,'A',NULL),(268,'B',NULL),(269,'B',NULL),(270,'A',NULL),(271,'A',NULL),(272,'B',NULL),(273,'B',NULL),(274,'A',NULL),(275,'D',NULL),(276,'F',NULL),(277,'E',NULL),(278,'C',NULL),(279,'B',NULL),(280,'E',NULL),(281,'F',NULL),(282,'F',NULL),(283,'B',NULL),(284,'A',NULL),(285,'E',NULL),(286,'C',NULL),(287,'B',NULL),(288,'A',NULL),(289,'C',NULL),(290,'B',NULL),(291,'B',NULL),(292,'B',NULL),(293,'C',NULL),(294,'A',NULL),(295,'B',NULL),(296,'D',NULL),(297,'F',NULL),(298,'C',NULL),(299,'B',NULL),(300,'D',NULL),(301,'F',NULL),(302,'D',NULL),(303,'B',NULL),(304,'E',NULL),(305,'F',NULL),(306,'C',NULL),(307,'F',NULL),(308,'D',NULL),(309,'C',NULL),(310,'B',NULL),(311,'E',NULL),(312,'D',NULL),(313,'C',NULL),(314,'D',NULL),(315,'E',NULL),(316,'A',NULL),(317,'D',NULL),(318,'B',NULL),(319,'C',NULL),(320,'E',NULL),(321,'C',NULL),(322,'B',NULL),(323,'F',NULL),(324,'B',NULL),(325,'E',NULL),(326,'A',NULL),(327,'C',NULL),(328,'B',NULL),(329,'A',NULL),(330,'A',NULL),(331,'A',NULL),(332,'F',NULL),(333,'A',NULL),(334,'C',NULL),(335,'C',NULL),(336,'B',NULL),(337,'B',NULL),(338,'C',NULL),(339,'C',NULL),(340,'K',NULL),(341,'A',NULL),(342,'J',NULL),(343,'L',NULL),(344,'J',NULL),(345,'J',NULL),(346,'B',NULL),(347,'C',NULL),(348,'A',NULL),(349,'B',NULL),(350,'B',NULL),(351,'A',NULL),(352,'J',NULL),(353,'A',NULL),(354,'B',NULL),(355,'A',NULL),(356,'J',NULL),(357,'B',NULL),(358,'L',NULL),(359,'B',NULL),(360,'C',NULL),(361,'K',NULL),(362,'B',NULL),(363,'A',NULL),(364,'J',NULL),(365,'B',NULL),(366,'J',NULL),(367,'A',NULL),(368,'A',NULL),(369,'L',NULL),(370,'C',NULL),(371,'K',NULL),(372,'C',NULL),(373,'L',NULL),(374,'C',NULL),(375,'K',NULL),(376,'A',NULL),(377,'B',NULL),(378,'C',NULL),(379,'B',NULL),(380,'C',NULL),(381,'J',NULL),(382,'K',NULL),(383,'B',NULL),(384,'C',NULL),(385,'A',NULL),(386,'B',NULL),(387,'A',NULL),(388,'B',NULL),(389,'J',NULL),(390,'A',NULL),(391,'B',NULL),(392,'A',NULL),(393,'A',NULL),(394,'A',NULL),(395,'K',NULL),(396,'L',NULL),(397,'A',NULL),(398,'C',NULL),(399,'C',NULL),(400,'C',NULL),(401,'C',NULL),(402,'B',NULL),(403,'B',NULL),(404,'B',NULL),(405,'B',NULL),(406,'C',NULL),(407,'L',NULL),(408,'A',NULL),(409,'J',NULL),(410,'A',NULL),(411,'J',NULL),(412,'L',NULL),(413,'B',NULL),(414,'C',NULL),(415,'B',NULL),(416,'J',NULL),(417,'A',NULL),(418,'C',NULL),(419,'C',NULL),(420,'C',NULL),(421,'L',NULL),(422,'L',NULL),(423,'A',NULL),(424,'C',NULL),(425,'B',NULL),(426,'L',NULL),(427,'J',NULL),(428,'B',NULL),(429,'C',NULL),(430,'A',NULL),(431,'L',NULL),(432,'A',NULL),(433,'C',NULL),(434,'A',NULL),(435,'C',NULL),(436,'A',NULL),(437,'C',NULL),(438,'B',NULL),(439,'C',NULL),(440,'A',NULL),(441,'K',NULL),(442,'L',NULL),(443,'C',NULL),(444,'A',NULL),(445,'L',NULL),(446,'B',NULL),(447,'A',NULL),(448,'C',NULL),(449,'A',NULL),(450,'L',NULL),(451,'L',NULL),(452,'B',NULL),(453,'A',NULL),(454,'C',NULL),(455,'B',NULL),(456,'C',NULL),(457,'L',NULL),(458,'C',NULL),(459,'B',NULL),(460,'J',NULL),(461,'K',NULL),(462,'C',NULL),(463,'K',NULL),(464,'B',NULL),(465,'A',NULL),(466,'L',NULL),(467,'C',NULL),(468,'B',NULL),(469,'J',NULL),(470,'K',NULL),(471,'A',NULL),(472,'B',NULL),(473,'K',NULL),(474,'J',NULL),(475,'A',NULL),(476,'K',NULL),(477,'K',NULL),(478,'C',NULL),(479,'A',NULL),(480,'A',NULL),(481,'J',NULL),(482,'A',NULL),(483,'A',NULL),(484,'C',NULL),(485,'C',NULL),(486,'A',NULL),(487,'B',NULL),(488,'E',NULL),(489,'J',NULL),(490,'A',NULL),(491,'K',NULL),(492,'C',NULL),(493,'B',NULL),(494,'J',NULL),(495,'C',NULL),(496,'C',NULL),(497,'B',NULL),(498,'A',NULL),(499,'C',NULL),(500,'L',NULL),(501,'A',NULL),(502,'K',NULL),(503,'A',NULL),(504,'K',NULL),(505,'C',NULL),(506,'C',NULL),(507,'K',NULL),(508,'J',NULL),(509,'B',NULL),(510,'K',NULL),(511,'A',NULL),(512,'B',NULL),(513,'B',NULL),(514,'A',NULL),(515,'C',NULL),(516,'A',NULL),(517,'C',NULL),(518,'J',NULL),(519,'L',NULL),(520,'C',NULL),(521,'C',NULL),(522,'K',NULL),(523,'C',NULL),(524,'C',NULL),(525,'J',NULL),(526,'B',NULL),(527,'A',NULL),(528,'L',NULL),(529,'A',NULL),(530,'K',NULL),(531,'J',NULL),(532,'L',NULL),(533,'B',NULL),(534,'A',NULL),(535,'J',NULL),(536,'C',NULL),(537,'L',NULL),(538,'L',NULL),(539,'C',NULL),(540,'C',NULL),(541,'C',NULL),(542,'B',NULL),(543,'D',NULL),(544,'B',NULL),(545,'B',NULL),(546,'L',NULL),(547,'A',NULL),(548,'B',NULL),(549,'B',NULL),(550,'J',NULL),(551,'B',NULL),(552,'K',NULL),(553,'C',NULL),(554,'C',NULL),(555,'A',NULL),(556,'C',NULL),(557,'K',NULL),(558,'J',NULL),(559,'C',NULL),(560,'L',NULL),(561,'A',NULL),(562,'J',NULL),(563,'B',NULL),(564,'C',NULL),(565,'A',NULL),(566,'B',NULL),(567,'K',NULL),(568,'L',NULL),(569,'J',NULL),(570,'B',NULL),(571,'J',NULL),(572,'A',NULL),(573,'A',NULL),(574,'K',NULL),(575,'L',NULL),(576,'J',NULL),(577,'J',NULL),(578,'B',NULL),(579,'A',NULL),(580,'B',NULL),(581,'C',NULL),(582,'B',NULL),(583,'B',NULL),(584,'A',NULL),(585,'B',NULL),(586,'A',NULL),(587,'B',NULL),(588,'B',NULL),(589,'D',NULL),(590,'C',NULL),(591,'K',NULL),(592,'L',NULL),(593,'B',NULL),(594,'K',NULL),(595,'B',NULL),(596,'B',NULL),(597,'C',NULL),(598,'B',NULL),(599,'B',NULL),(600,'C',NULL),(601,'A',NULL),(602,'C',NULL),(603,'B',NULL),(604,'C',NULL),(605,'B',NULL),(606,'B',NULL),(607,'J',NULL),(608,'A',NULL),(609,'B',NULL),(610,'C',NULL),(611,'C',NULL),(612,'C',NULL),(613,'A',NULL),(614,'A',NULL),(615,'B',NULL),(616,'L',NULL),(617,'A',NULL),(618,'C',NULL),(619,'B',NULL),(620,'C',NULL),(621,'B',NULL),(622,'J',NULL),(623,'C',NULL),(624,'A',NULL),(625,'K',NULL),(626,'E',NULL),(627,'J',NULL),(628,'A',NULL),(629,'L',NULL),(630,'K',NULL),(631,'K',NULL),(632,'C',NULL),(633,'L',NULL),(634,'K',NULL),(635,'A',NULL),(636,'B',NULL),(637,'C',NULL),(638,'B',NULL),(639,'B',NULL),(640,'J',NULL),(641,'A',NULL),(642,'B',NULL),(643,'L',NULL),(644,'L',NULL),(645,'J',NULL),(646,'A',NULL),(647,'L',NULL),(648,'A',NULL),(649,'K',NULL),(650,'K',NULL),(651,'A',NULL),(652,'K',NULL),(653,'C',NULL),(654,'B',NULL),(655,'C',NULL),(656,'A',NULL),(657,'A',NULL),(658,'B',NULL),(659,'C',NULL),(660,'A',NULL),(661,'K',NULL),(662,'C',NULL),(663,'K',NULL),(664,'J',NULL),(665,'K',NULL),(666,'B',NULL),(667,'L',NULL),(668,'A',NULL),(669,'B',NULL),(670,'D',NULL),(671,'C',NULL),(672,'K',NULL),(673,'J',NULL),(674,'A',NULL),(675,'C',NULL),(676,'B',NULL),(677,'C',NULL),(678,'B',NULL),(679,'B',NULL),(680,'C',NULL),(681,'A',NULL),(682,'K',NULL),(683,'C',NULL),(684,'E',NULL),(685,'C',NULL),(686,'C',NULL),(687,'E',NULL),(688,'L',NULL),(689,'B',NULL),(690,'J',NULL),(691,'B',NULL),(692,'B',NULL),(693,'A',NULL),(694,'B',NULL),(695,'A',NULL),(696,'C',NULL),(697,'C',NULL),(698,'L',NULL),(699,'K',NULL),(700,'C',NULL),(701,'A',NULL),(702,'A',NULL),(703,'A',NULL),(704,'B',NULL),(705,'A',NULL),(706,'C',NULL),(707,'A',NULL),(708,'C',NULL),(709,'C',NULL),(710,'L',NULL),(711,'L',NULL),(712,'B',NULL),(713,'B',NULL),(714,'J',NULL),(715,'B',NULL),(716,'C',NULL),(717,'C',NULL),(718,'J',NULL),(719,'B',NULL),(720,'B',NULL),(721,'J',NULL),(722,'C',NULL),(723,'E',NULL),(724,'K',NULL),(725,'A',NULL),(726,'B',NULL),(727,'B',NULL),(728,'A',NULL),(729,'A',NULL),(730,'A',NULL),(731,'L',NULL),(732,'L',NULL),(733,'B',NULL),(734,'A',NULL),(735,'B',NULL),(736,'A',NULL),(737,'B',NULL),(738,'B',NULL),(739,'K',NULL),(740,'J',NULL),(741,'A',NULL),(742,'C',NULL),(743,'A',NULL),(744,'L',NULL),(745,'K',NULL),(746,'C',NULL),(747,'J',NULL),(748,'J',NULL),(749,'A',NULL),(750,'L',NULL),(751,'J',NULL),(752,'E',NULL),(753,'A',NULL),(754,'C',NULL),(755,'K',NULL),(756,'L',NULL),(757,'A',NULL),(758,'K',NULL),(759,'K',NULL),(760,'K',NULL),(761,'A',NULL),(762,'B',NULL),(763,'L',NULL),(764,'C',NULL),(765,'B',NULL),(766,'K',NULL),(767,'A',NULL),(768,'C',NULL),(769,'L',NULL),(770,'A',NULL),(771,'A',NULL),(772,'J',NULL),(773,'C',NULL),(774,'A',NULL),(775,'A',NULL),(776,'A',NULL),(777,'A',NULL),(778,'B',NULL),(779,'K',NULL),(780,'C',NULL),(781,'B',NULL),(782,'B',NULL),(783,'J',NULL),(784,'C',NULL),(785,'C',NULL),(786,'J',NULL),(787,'A',NULL),(788,'C',NULL),(789,'A',NULL),(790,'D',NULL),(791,'B',NULL),(792,'B',NULL),(793,'A',NULL),(794,'A',NULL),(795,'C',NULL),(796,'A',NULL),(797,'C',NULL),(798,'C',NULL),(799,'C',NULL),(800,'A',NULL),(801,'C',NULL),(802,'B',NULL),(803,'A',NULL),(804,'B',NULL),(805,'A',NULL),(806,'C',NULL),(807,'B',NULL),(808,'A',NULL),(809,'C',NULL),(810,'B',NULL),(811,'B',NULL),(812,'B',NULL),(813,'C',NULL),(814,'A',NULL),(815,'A',NULL),(816,'D',NULL),(817,'C',NULL),(818,'B',NULL),(819,'B',NULL),(820,'A',NULL),(821,'B',NULL),(822,'B',NULL),(823,'C',NULL),(824,'C',NULL),(825,'A',NULL),(826,'A',NULL),(827,'C',NULL),(828,'B',NULL),(829,'C',NULL),(830,'B',NULL),(831,'B',NULL),(832,'C',NULL),(833,'C',NULL),(834,'B',NULL),(835,'A',NULL),(836,'A',NULL),(837,'B',NULL),(838,'B',NULL),(839,'C',NULL),(840,'A',NULL),(841,'C',NULL),(842,'C',NULL),(843,'B',NULL),(844,'B',NULL),(845,'C',NULL),(846,'B',NULL),(847,'A',NULL),(848,'A',NULL),(849,'A',NULL),(850,'C',NULL),(851,'B',NULL),(852,'A',NULL),(853,'B',NULL),(854,'C',NULL),(855,'A',NULL),(856,'A',NULL),(857,'C',NULL),(858,'A',NULL),(859,'C',NULL),(860,'C',NULL),(861,'D',NULL),(862,'A',NULL),(863,'C',NULL),(864,'A',NULL),(865,'A',NULL),(866,'A',NULL),(867,'B',NULL),(868,'B',NULL),(869,'B',NULL),(870,'B',NULL),(871,'C',NULL),(872,'B',NULL),(873,'A',NULL),(874,'A',NULL),(875,'C',NULL),(876,'B',NULL),(877,'A',NULL),(878,'A',NULL),(879,'B',NULL),(880,'A',NULL),(881,'B',NULL),(882,'A',NULL),(883,'D',NULL),(884,'B',NULL),(885,'B',NULL),(886,'C',NULL),(887,'B',NULL),(888,'B',NULL),(889,'A',NULL),(890,'C',NULL),(891,'C',NULL),(892,'C',NULL),(893,'C',NULL),(894,'A',NULL),(895,'B',NULL),(896,'A',NULL),(897,'C',NULL),(898,'A',NULL),(899,'B',NULL),(900,'A',NULL),(901,'C',NULL),(902,'B',NULL),(903,'A',NULL),(904,'B',NULL),(905,'C',NULL),(906,'C',NULL),(907,'A',NULL),(908,'B',NULL),(909,'C',NULL),(910,'B',NULL),(911,'A',NULL),(912,'A',NULL),(913,'B',NULL),(914,'B',NULL),(915,'C',NULL),(916,'A',NULL),(917,'C',NULL),(918,'A',NULL),(919,'C',NULL),(920,'C',NULL),(921,'A',NULL),(922,'C',NULL),(923,'B',NULL),(924,'C',NULL),(925,'A',NULL),(926,'A',NULL),(927,'B',NULL),(928,'A',NULL),(929,'B',NULL),(930,'C',NULL),(931,'B',NULL),(932,'C',NULL),(933,'B',NULL),(934,'C',NULL),(935,'B',NULL),(936,'A',NULL),(937,'B',NULL),(938,'B',NULL),(939,'C',NULL),(940,'B',NULL),(941,'A',NULL),(942,'C',NULL),(943,'B',NULL),(944,'B',NULL),(945,'A',NULL),(946,'A',NULL),(947,'C',NULL),(948,'B',NULL),(949,'C',NULL),(950,'C',NULL),(951,'A',NULL),(952,'B',NULL),(953,'B',NULL),(954,'A',NULL),(955,'A',NULL),(956,'A',NULL),(957,'C',NULL),(958,'C',NULL),(959,'B',NULL),(960,'B',NULL),(961,'A',NULL),(962,'B',NULL),(963,'B',NULL),(964,'C',NULL),(965,'A',NULL),(966,'C',NULL),(967,'A',NULL),(968,'B',NULL),(969,'B',NULL),(970,'A',NULL),(971,'C',NULL),(972,'C',NULL),(973,'A',NULL),(974,'C',NULL),(975,'C',NULL),(976,'A',NULL),(977,'A',NULL),(978,'A',NULL),(979,'B',NULL),(980,'C',NULL),(981,'A',NULL),(982,'A',NULL),(983,'A',NULL),(984,'B',NULL),(985,'B',NULL),(986,'B',NULL),(987,'C',NULL),(988,'C',NULL),(989,'C',NULL),(990,'B',NULL),(991,'B',NULL),(992,'A',NULL),(993,'A',NULL),(994,'C',NULL),(995,'A',NULL),(996,'A',NULL),(997,'A',NULL),(998,'A',NULL),(999,'C',NULL),(1000,'B',NULL),(1001,'B',NULL),(1002,'C',NULL),(1003,'C',NULL),(1004,'A',NULL),(1005,'C',NULL),(1006,'C',NULL),(1007,'A',NULL),(1008,'B',NULL),(1009,'B',NULL),(1010,'C',NULL),(1011,'C',NULL),(1012,'C',NULL),(1013,'C',NULL),(1014,'A',NULL),(1015,'C',NULL),(1016,'A',NULL),(1017,'A',NULL),(1018,'A',NULL),(1019,'C',NULL),(1020,'B',NULL),(1021,'B',NULL),(1022,'B',NULL),(1023,'A',NULL),(1024,'A',NULL),(1025,'A',NULL),(1026,'C',NULL),(1027,'C',NULL),(1028,'A',NULL),(1029,'C',NULL),(1030,'A',NULL),(1031,'B',NULL),(1032,'B',NULL),(1033,'A',NULL),(1034,'B',NULL),(1035,'A',NULL),(1036,'A',NULL),(1037,'A',NULL),(1038,'B',NULL),(1039,'C',NULL),(1040,'C',NULL),(1041,'B',NULL),(1042,'B',NULL),(1043,'C',NULL),(1044,'B',NULL),(1045,'A',NULL),(1046,'C',NULL),(1047,'B',NULL),(1048,'B',NULL),(1049,'E',NULL),(1050,'A',NULL),(1051,'C',NULL),(1052,'B',NULL),(1053,'C',NULL),(1054,'B',NULL),(1055,'A',NULL),(1056,'A',NULL),(1057,'B',NULL),(1058,'B',NULL),(1059,'B',NULL),(1060,'A',NULL),(1061,'C',NULL),(1062,'B',NULL),(1063,'A',NULL),(1064,'A',NULL),(1065,'C',NULL),(1066,'B',NULL),(1067,'A',NULL),(1068,'C',NULL),(1069,'C',NULL),(1070,'C',NULL),(1071,'A',NULL),(1072,'A',NULL),(1073,'C',NULL),(1074,'A',NULL),(1075,'A',NULL),(1076,'B',NULL),(1077,'A',NULL),(1078,'B',NULL),(1079,'B',NULL),(1080,'C',NULL),(1081,'B',NULL),(1082,'B',NULL),(1083,'C',NULL),(1084,'B',NULL),(1085,'B',NULL),(1086,'C',NULL),(1087,'C',NULL),(1088,'A',NULL),(1089,'B',NULL),(1090,'B',NULL),(1091,'B',NULL),(1092,'B',NULL),(1093,'A',NULL),(1094,'A',NULL),(1095,'E',NULL),(1096,'B',NULL),(1097,'C',NULL),(1098,'C',NULL),(1099,'A',NULL),(1100,'E',NULL),(1101,'B',NULL),(1102,'A',NULL),(1103,'C',NULL),(1104,'C',NULL),(1105,'A',NULL),(1106,'B',NULL),(1107,'C',NULL),(1108,'C',NULL),(1109,'C',NULL),(1110,'C',NULL),(1111,'C',NULL),(1112,'B',NULL),(1113,'A',NULL),(1114,'A',NULL),(1115,'C',NULL),(1116,'B',NULL),(1117,'B',NULL),(1118,'C',NULL),(1119,'B',NULL),(1120,'A',NULL),(1121,'C',NULL),(1122,'B',NULL),(1123,'C',NULL),(1124,'A',NULL),(1125,'A',NULL),(1126,'A',NULL),(1127,'A',NULL),(1128,'A',NULL),(1129,'A',NULL),(1130,'B',NULL),(1131,'C',NULL),(1132,'B',NULL),(1133,'B',NULL),(1134,'B',NULL),(1135,'A',NULL),(1136,'C',NULL),(1137,'C',NULL),(1138,'E',NULL),(1139,'A',NULL),(1140,'C',NULL),(1141,'E',NULL),(1142,'E',NULL),(1143,'E',NULL),(1144,'E',NULL),(1145,'E',NULL),(1146,'E',NULL),(1147,'E',NULL),(1148,'E',NULL),(1149,'A',NULL),(1150,'B',NULL),(1151,'C',NULL),(1152,'B',NULL),(1153,'D',NULL),(1154,'E',NULL),(1155,'E',NULL),(1156,'A',NULL);
/*!40000 ALTER TABLE `tipo_prova` ENABLE KEYS */;
UNLOCK TABLES;

--
-- Table structure for table `usuarios`
--

DROP TABLE IF EXISTS `usuarios`;
/*!40101 SET @saved_cs_client     = @@character_set_client */;
/*!40101 SET character_set_client = utf8 */;
CREATE TABLE `usuarios` (
  `login` int(11) NOT NULL,
  `senha` varchar(10) NOT NULL,
  PRIMARY KEY (`login`)
) ENGINE=InnoDB DEFAULT CHARSET=latin1;
/*!40101 SET character_set_client = @saved_cs_client */;

--
-- Dumping data for table `usuarios`
--

LOCK TABLES `usuarios` WRITE;
/*!40000 ALTER TABLE `usuarios` DISABLE KEYS */;
INSERT INTO `usuarios` VALUES (20198778,'1234'),(20532190,'1234'),(20766347,'1234'),(20889049,'1234');
/*!40000 ALTER TABLE `usuarios` ENABLE KEYS */;
UNLOCK TABLES;
/*!40103 SET TIME_ZONE=@OLD_TIME_ZONE */;

/*!40101 SET SQL_MODE=@OLD_SQL_MODE */;
/*!40014 SET FOREIGN_KEY_CHECKS=@OLD_FOREIGN_KEY_CHECKS */;
/*!40014 SET UNIQUE_CHECKS=@OLD_UNIQUE_CHECKS */;
/*!40101 SET CHARACTER_SET_CLIENT=@OLD_CHARACTER_SET_CLIENT */;
/*!40101 SET CHARACTER_SET_RESULTS=@OLD_CHARACTER_SET_RESULTS */;
/*!40101 SET COLLATION_CONNECTION=@OLD_COLLATION_CONNECTION */;
/*!40111 SET SQL_NOTES=@OLD_SQL_NOTES */;

-- Dump completed on 2019-06-14 11:13:17
